ID;Id_job_family;job_family;id_role
1;1;Customer Service;1
2;1;Customer Service;2
3;1;Customer Service;3
4;1;Customer Service;4
5;1;Customer Service;5
6;1;Customer Service;6
7;1;Customer Service;7
8;1;Customer Service;8
9;1;Customer Service;9
10;2;Entertainment and Recreation;10
11;2;Entertainment and Recreation;11
12;2;Entertainment and Recreation;12
13;2;Entertainment and Recreation;13
14;2;Entertainment and Recreation;14
15;2;Entertainment and Recreation;15
16;2;Entertainment and Recreation;16
17;2;Entertainment and Recreation;17
18;2;Entertainment and Recreation;18
19;2;Entertainment and Recreation;19
20;2;Entertainment and Recreation;20
21;2;Entertainment and Recreation;21
22;2;Entertainment and Recreation;22
23;2;Entertainment and Recreation;23
24;2;Entertainment and Recreation;24
25;2;Entertainment and Recreation;25
26;2;Entertainment and Recreation;26
27;2;Entertainment and Recreation;27
28;2;Entertainment and Recreation;28
29;2;Entertainment and Recreation;29
30;2;Entertainment and Recreation;30
31;2;Entertainment and Recreation;31
32;2;Entertainment and Recreation;32
33;2;Entertainment and Recreation;33
34;2;Entertainment and Recreation;34
35;2;Entertainment and Recreation;35
36;2;Entertainment and Recreation;36
37;2;Entertainment and Recreation;37
38;2;Entertainment and Recreation;38
39;2;Entertainment and Recreation;39
40;2;Entertainment and Recreation;40
41;2;Entertainment and Recreation;41
42;2;Entertainment and Recreation;42
43;2;Entertainment and Recreation;43
44;2;Entertainment and Recreation;44
45;2;Entertainment and Recreation;45
46;2;Entertainment and Recreation;46
47;2;Entertainment and Recreation;47
48;2;Entertainment and Recreation;48
49;2;Entertainment and Recreation;49
50;2;Entertainment and Recreation;50
51;2;Entertainment and Recreation;51
52;2;Entertainment and Recreation;52
53;2;Entertainment and Recreation;53
54;2;Entertainment and Recreation;54
55;2;Entertainment and Recreation;55
56;2;Entertainment and Recreation;56
57;2;Entertainment and Recreation;57
58;2;Entertainment and Recreation;58
59;2;Entertainment and Recreation;59
60;2;Entertainment and Recreation;60
61;2;Entertainment and Recreation;61
62;2;Entertainment and Recreation;62
63;2;Entertainment and Recreation;63
64;2;Entertainment and Recreation;64
65;2;Entertainment and Recreation;65
66;2;Entertainment and Recreation;66
67;2;Entertainment and Recreation;67
68;2;Entertainment and Recreation;68
69;2;Entertainment and Recreation;69
70;2;Entertainment and Recreation;70
71;2;Entertainment and Recreation;71
72;2;Entertainment and Recreation;72
73;2;Entertainment and Recreation;73
74;2;Entertainment and Recreation;74
75;2;Entertainment and Recreation;75
76;2;Entertainment and Recreation;76
77;2;Entertainment and Recreation;77
78;2;Entertainment and Recreation;78
79;2;Entertainment and Recreation;79
80;2;Entertainment and Recreation;80
81;2;Entertainment and Recreation;81
82;2;Entertainment and Recreation;82
83;2;Entertainment and Recreation;83
84;2;Entertainment and Recreation;84
85;2;Entertainment and Recreation;85
86;2;Entertainment and Recreation;86
87;2;Entertainment and Recreation;87
88;2;Entertainment and Recreation;88
89;2;Entertainment and Recreation;89
90;2;Entertainment and Recreation;90
91;3;Facilities/Constr;91
92;3;Facilities/Constr;92
93;3;Facilities/Constr;93
94;3;Facilities/Constr;94
95;3;Facilities/Constr;95
96;3;Facilities/Constr;96
97;3;Facilities/Constr;97
98;3;Facilities/Constr;98
99;3;Facilities/Constr;99
100;3;Facilities/Constr;100
101;3;Facilities/Constr;101
102;3;Facilities/Constr;102
103;3;Facilities/Constr;103
104;3;Facilities/Constr;104
105;3;Facilities/Constr;105
106;3;Facilities/Constr;106
107;3;Facilities/Constr;107
108;3;Facilities/Constr;108
109;3;Facilities/Constr;109
110;3;Facilities/Constr;110
111;3;Facilities/Constr;111
112;3;Facilities/Constr;112
113;3;Facilities/Constr;113
114;3;Facilities/Constr;114
115;3;Facilities/Constr;115
116;3;Facilities/Constr;116
117;3;Facilities/Constr;117
118;3;Facilities/Constr;118
119;3;Facilities/Constr;119
120;3;Facilities/Constr;120
121;3;Facilities/Constr;121
122;3;Facilities/Constr;122
123;3;Facilities/Constr;123
124;3;Facilities/Constr;124
125;3;Facilities/Constr;125
126;3;Facilities/Constr;126
127;3;Facilities/Constr;127
128;4;Finance/Insurance;128
129;4;Finance/Insurance;129
130;4;Finance/Insurance;130
131;4;Finance/Insurance;131
132;4;Finance/Insurance;132
133;4;Finance/Insurance;133
134;4;Finance/Insurance;134
135;4;Finance/Insurance;135
136;4;Finance/Insurance;136
137;4;Finance/Insurance;137
138;4;Finance/Insurance;138
139;4;Finance/Insurance;139
140;4;Finance/Insurance;140
141;4;Finance/Insurance;141
142;4;Finance/Insurance;142
143;4;Finance/Insurance;143
144;4;Finance/Insurance;144
145;4;Finance/Insurance;145
146;4;Finance/Insurance;146
147;4;Finance/Insurance;147
148;4;Finance/Insurance;148
149;4;Finance/Insurance;149
150;4;Finance/Insurance;150
151;4;Finance/Insurance;151
152;4;Finance/Insurance;152
153;4;Finance/Insurance;153
154;4;Finance/Insurance;154
155;4;Finance/Insurance;155
156;4;Finance/Insurance;156
157;4;Finance/Insurance;157
158;4;Finance/Insurance;158
159;4;Finance/Insurance;159
160;4;Finance/Insurance;160
161;4;Finance/Insurance;161
162;4;Finance/Insurance;162
163;4;Finance/Insurance;163
164;4;Finance/Insurance;164
165;4;Finance/Insurance;165
166;4;Finance/Insurance;166
167;4;Finance/Insurance;167
168;4;Finance/Insurance;168
169;4;Finance/Insurance;169
170;4;Finance/Insurance;170
171;4;Finance/Insurance;171
172;4;Finance/Insurance;172
173;4;Finance/Insurance;173
174;4;Finance/Insurance;174
175;4;Finance/Insurance;175
176;4;Finance/Insurance;176
177;4;Finance/Insurance;177
178;4;Finance/Insurance;178
179;4;Finance/Insurance;179
180;4;Finance/Insurance;180
181;4;Finance/Insurance;181
182;4;Finance/Insurance;182
183;4;Finance/Insurance;183
184;4;Finance/Insurance;184
185;4;Finance/Insurance;185
186;4;Finance/Insurance;186
187;4;Finance/Insurance;187
188;4;Finance/Insurance;188
189;4;Finance/Insurance;189
190;4;Finance/Insurance;190
191;4;Finance/Insurance;191
192;4;Finance/Insurance;192
193;4;Finance/Insurance;193
194;4;Finance/Insurance;194
195;4;Finance/Insurance;195
196;4;Finance/Insurance;196
197;4;Finance/Insurance;197
198;4;Finance/Insurance;198
199;4;Finance/Insurance;199
200;4;Finance/Insurance;200
201;4;Finance/Insurance;201
202;4;Finance/Insurance;202
203;4;Finance/Insurance;203
204;4;Finance/Insurance;204
205;4;Finance/Insurance;205
206;4;Finance/Insurance;206
207;4;Finance/Insurance;207
208;4;Finance/Insurance;208
209;4;Finance/Insurance;209
210;4;Finance/Insurance;210
211;4;Finance/Insurance;211
212;4;Finance/Insurance;212
213;4;Finance/Insurance;213
214;4;Finance/Insurance;214
215;4;Finance/Insurance;215
216;4;Finance/Insurance;216
217;4;Finance/Insurance;217
218;4;Finance/Insurance;218
219;4;Finance/Insurance;219
220;4;Finance/Insurance;220
221;4;Finance/Insurance;221
222;4;Finance/Insurance;222
223;4;Finance/Insurance;223
224;4;Finance/Insurance;224
225;4;Finance/Insurance;225
226;4;Finance/Insurance;226
227;4;Finance/Insurance;227
228;4;Finance/Insurance;228
229;4;Finance/Insurance;229
230;4;Finance/Insurance;230
231;4;Finance/Insurance;231
232;4;Finance/Insurance;232
233;4;Finance/Insurance;233
234;4;Finance/Insurance;234
235;4;Finance/Insurance;235
236;4;Finance/Insurance;236
237;4;Finance/Insurance;237
238;4;Finance/Insurance;238
239;4;Finance/Insurance;239
240;4;Finance/Insurance;240
241;4;Finance/Insurance;241
242;4;Finance/Insurance;242
243;4;Finance/Insurance;243
244;4;Finance/Insurance;244
245;4;Finance/Insurance;245
246;4;Finance/Insurance;246
247;4;Finance/Insurance;247
248;4;Finance/Insurance;248
249;4;Finance/Insurance;249
250;4;Finance/Insurance;250
251;4;Finance/Insurance;251
252;4;Finance/Insurance;252
253;4;Finance/Insurance;253
254;4;Finance/Insurance;254
255;4;Finance/Insurance;255
256;4;Finance/Insurance;256
257;4;Finance/Insurance;257
258;4;Finance/Insurance;258
259;4;Finance/Insurance;259
260;4;Finance/Insurance;260
261;4;Finance/Insurance;261
262;4;Finance/Insurance;262
263;4;Finance/Insurance;263
264;4;Finance/Insurance;264
265;4;Finance/Insurance;265
266;4;Finance/Insurance;266
267;4;Finance/Insurance;267
268;4;Finance/Insurance;268
269;4;Finance/Insurance;269
270;4;Finance/Insurance;270
271;4;Finance/Insurance;271
272;4;Finance/Insurance;272
273;4;Finance/Insurance;273
274;4;Finance/Insurance;274
275;4;Finance/Insurance;275
276;4;Finance/Insurance;276
277;4;Finance/Insurance;277
278;4;Finance/Insurance;278
279;4;Finance/Insurance;279
280;4;Finance/Insurance;280
281;4;Finance/Insurance;281
282;4;Finance/Insurance;282
283;4;Finance/Insurance;283
284;4;Finance/Insurance;284
285;4;Finance/Insurance;285
286;4;Finance/Insurance;286
287;4;Finance/Insurance;287
288;4;Finance/Insurance;288
289;4;Finance/Insurance;289
290;4;Finance/Insurance;290
291;4;Finance/Insurance;291
292;4;Finance/Insurance;292
293;4;Finance/Insurance;293
294;4;Finance/Insurance;294
295;4;Finance/Insurance;295
296;4;Finance/Insurance;296
297;4;Finance/Insurance;297
298;4;Finance/Insurance;298
299;5;Food & Beverage;299
300;5;Food & Beverage;300
301;5;Food & Beverage;301
302;5;Food & Beverage;302
303;5;Food & Beverage;303
304;5;Food & Beverage;304
305;5;Food & Beverage;305
306;5;Food & Beverage;306
307;5;Food & Beverage;307
308;5;Food & Beverage;308
309;5;Food & Beverage;309
310;5;Food & Beverage;310
311;5;Food & Beverage;311
312;5;Food & Beverage;312
313;5;Food & Beverage;313
314;5;Food & Beverage;314
315;5;Food & Beverage;315
316;5;Food & Beverage;316
317;5;Food & Beverage;317
318;5;Food & Beverage;318
319;5;Food & Beverage;319
320;5;Food & Beverage;320
321;5;Food & Beverage;321
322;5;Food & Beverage;322
323;5;Food & Beverage;323
324;5;Food & Beverage;324
325;5;Food & Beverage;325
326;5;Food & Beverage;326
327;5;Food & Beverage;327
328;5;Food & Beverage;328
329;5;Food & Beverage;329
330;5;Food & Beverage;330
331;5;Food & Beverage;331
332;5;Food & Beverage;332
333;5;Food & Beverage;333
334;5;Food & Beverage;334
335;5;Food & Beverage;335
336;5;Food & Beverage;336
337;5;Food & Beverage;337
338;5;Food & Beverage;338
339;5;Food & Beverage;339
340;5;Food & Beverage;340
341;5;Food & Beverage;341
342;5;Food & Beverage;342
343;5;Food & Beverage;343
344;5;Food & Beverage;344
345;5;Food & Beverage;345
346;5;Food & Beverage;346
347;5;Food & Beverage;347
348;5;Food & Beverage;348
349;5;Food & Beverage;349
350;5;Food & Beverage;350
351;5;Food & Beverage;351
352;5;Food & Beverage;352
353;5;Food & Beverage;353
354;6;Healthcare;354
355;6;Healthcare;355
356;6;Healthcare;356
357;6;Healthcare;357
358;6;Healthcare;358
359;6;Healthcare;359
360;6;Healthcare;360
361;6;Healthcare;361
362;6;Healthcare;362
363;6;Healthcare;363
364;6;Healthcare;364
365;6;Healthcare;365
366;6;Healthcare;366
367;6;Healthcare;367
368;6;Healthcare;368
369;6;Healthcare;369
370;6;Healthcare;370
371;6;Healthcare;371
372;6;Healthcare;372
373;6;Healthcare;373
374;6;Healthcare;374
375;6;Healthcare;375
376;6;Healthcare;376
377;6;Healthcare;377
378;6;Healthcare;378
379;6;Healthcare;379
380;6;Healthcare;380
381;6;Healthcare;381
382;6;Healthcare;382
383;6;Healthcare;383
384;6;Healthcare;384
385;6;Healthcare;385
386;6;Healthcare;386
387;6;Healthcare;387
388;6;Healthcare;388
389;6;Healthcare;389
390;6;Healthcare;390
391;6;Healthcare;391
392;6;Healthcare;392
393;6;Healthcare;393
394;6;Healthcare;394
395;6;Healthcare;395
396;6;Healthcare;396
397;6;Healthcare;397
398;6;Healthcare;398
399;6;Healthcare;399
400;6;Healthcare;400
401;6;Healthcare;401
402;6;Healthcare;402
403;6;Healthcare;403
404;6;Healthcare;404
405;6;Healthcare;405
406;6;Healthcare;406
407;6;Healthcare;407
408;6;Healthcare;408
409;6;Healthcare;409
410;6;Healthcare;410
411;6;Healthcare;411
412;6;Healthcare;412
413;6;Healthcare;413
414;6;Healthcare;414
415;6;Healthcare;415
416;6;Healthcare;416
417;6;Healthcare;417
418;6;Healthcare;418
419;6;Healthcare;419
420;6;Healthcare;420
421;6;Healthcare;421
422;6;Healthcare;422
423;6;Healthcare;423
424;6;Healthcare;424
425;6;Healthcare;425
426;6;Healthcare;426
427;6;Healthcare;427
428;6;Healthcare;428
429;6;Healthcare;429
430;6;Healthcare;430
431;6;Healthcare;431
432;6;Healthcare;432
433;6;Healthcare;433
434;6;Healthcare;434
435;6;Healthcare;435
436;6;Healthcare;436
437;6;Healthcare;437
438;6;Healthcare;438
439;6;Healthcare;439
440;6;Healthcare;440
441;6;Healthcare;441
442;6;Healthcare;442
443;6;Healthcare;443
444;6;Healthcare;444
445;6;Healthcare;445
446;6;Healthcare;446
447;6;Healthcare;447
448;6;Healthcare;448
449;6;Healthcare;449
450;6;Healthcare;450
451;6;Healthcare;451
452;6;Healthcare;452
453;6;Healthcare;453
454;6;Healthcare;454
455;6;Healthcare;455
456;6;Healthcare;456
457;6;Healthcare;457
458;6;Healthcare;458
459;6;Healthcare;459
460;6;Healthcare;460
461;6;Healthcare;461
462;6;Healthcare;462
463;6;Healthcare;463
464;6;Healthcare;464
465;6;Healthcare;465
466;6;Healthcare;466
467;6;Healthcare;467
468;6;Healthcare;468
469;6;Healthcare;469
470;6;Healthcare;470
471;6;Healthcare;471
472;6;Healthcare;472
473;6;Healthcare;473
474;6;Healthcare;474
475;6;Healthcare;475
476;6;Healthcare;476
477;6;Healthcare;477
478;6;Healthcare;478
479;6;Healthcare;479
480;6;Healthcare;480
481;6;Healthcare;481
482;6;Healthcare;482
483;6;Healthcare;483
484;6;Healthcare;484
485;6;Healthcare;485
486;6;Healthcare;486
487;6;Healthcare;487
488;6;Healthcare;488
489;6;Healthcare;489
490;6;Healthcare;490
491;6;Healthcare;491
492;6;Healthcare;492
493;6;Healthcare;493
494;6;Healthcare;494
495;6;Healthcare;495
496;6;Healthcare;496
497;6;Healthcare;497
498;6;Healthcare;498
499;6;Healthcare;499
500;6;Healthcare;500
501;6;Healthcare;501
502;6;Healthcare;502
503;6;Healthcare;503
504;6;Healthcare;504
505;6;Healthcare;505
506;6;Healthcare;506
507;6;Healthcare;507
508;6;Healthcare;508
509;6;Healthcare;509
510;6;Healthcare;510
511;6;Healthcare;511
512;6;Healthcare;512
513;6;Healthcare;513
514;6;Healthcare;514
515;6;Healthcare;515
516;6;Healthcare;516
517;6;Healthcare;517
518;6;Healthcare;518
519;6;Healthcare;519
520;6;Healthcare;520
521;6;Healthcare;521
522;6;Healthcare;522
523;6;Healthcare;523
524;6;Healthcare;524
525;6;Healthcare;525
526;6;Healthcare;526
527;6;Healthcare;527
528;6;Healthcare;528
529;6;Healthcare;529
530;6;Healthcare;530
531;6;Healthcare;531
532;6;Healthcare;532
533;6;Healthcare;533
534;6;Healthcare;534
535;6;Healthcare;535
536;6;Healthcare;536
537;6;Healthcare;537
538;6;Healthcare;538
539;6;Healthcare;539
540;6;Healthcare;540
541;6;Healthcare;541
542;6;Healthcare;542
543;6;Healthcare;543
544;6;Healthcare;544
545;6;Healthcare;545
546;6;Healthcare;546
547;6;Healthcare;547
548;6;Healthcare;548
549;6;Healthcare;549
550;6;Healthcare;550
551;6;Healthcare;551
552;6;Healthcare;552
553;6;Healthcare;553
554;6;Healthcare;554
555;6;Healthcare;555
556;6;Healthcare;556
557;6;Healthcare;557
558;6;Healthcare;558
559;6;Healthcare;559
560;6;Healthcare;560
561;6;Healthcare;561
562;6;Healthcare;562
563;6;Healthcare;563
564;7;Hospitality Staff;564
565;7;Hospitality Staff;565
566;7;Hospitality Staff;566
567;7;Hospitality Staff;567
568;7;Hospitality Staff;568
569;7;Hospitality Staff;569
570;7;Hospitality Staff;570
571;7;Hospitality Staff;571
572;7;Hospitality Staff;572
573;7;Hospitality Staff;573
574;7;Hospitality Staff;574
575;7;Hospitality Staff;575
576;7;Hospitality Staff;576
577;7;Hospitality Staff;577
578;7;Hospitality Staff;578
579;7;Hospitality Staff;579
580;7;Hospitality Staff;580
581;7;Hospitality Staff;581
582;7;Hospitality Staff;582
583;7;Hospitality Staff;583
584;7;Hospitality Staff;584
585;7;Hospitality Staff;585
586;7;Hospitality Staff;586
587;7;Hospitality Staff;587
588;7;Hospitality Staff;588
589;7;Hospitality Staff;589
590;7;Hospitality Staff;590
591;7;Hospitality Staff;591
592;7;Hospitality Staff;592
593;7;Hospitality Staff;593
594;7;Hospitality Staff;594
595;7;Hospitality Staff;595
596;7;Hospitality Staff;596
597;7;Hospitality Staff;597
598;7;Hospitality Staff;598
599;7;Hospitality Staff;599
600;7;Hospitality Staff;600
601;7;Hospitality Staff;601
602;7;Hospitality Staff;602
603;7;Hospitality Staff;603
604;7;Hospitality Staff;604
605;7;Hospitality Staff;605
606;7;Hospitality Staff;606
607;7;Hospitality Staff;607
608;7;Hospitality Staff;608
609;7;Hospitality Staff;609
610;7;Hospitality Staff;610
611;7;Hospitality Staff;611
612;7;Hospitality Staff;612
613;7;Hospitality Staff;613
614;7;Hospitality Staff;614
615;7;Hospitality Staff;615
616;7;Hospitality Staff;616
617;7;Hospitality Staff;617
618;7;Hospitality Staff;618
619;7;Hospitality Staff;619
620;7;Hospitality Staff;620
621;7;Hospitality Staff;621
622;7;Hospitality Staff;622
623;7;Hospitality Staff;623
624;7;Hospitality Staff;624
625;7;Hospitality Staff;625
626;7;Hospitality Staff;626
627;7;Hospitality Staff;627
628;7;Hospitality Staff;628
629;7;Hospitality Staff;629
630;7;Hospitality Staff;630
631;7;Hospitality Staff;631
632;7;Hospitality Staff;632
633;8;Human Resources;633
634;8;Human Resources;634
635;8;Human Resources;635
636;8;Human Resources;636
637;8;Human Resources;637
638;8;Human Resources;638
639;8;Human Resources;639
640;8;Human Resources;640
641;8;Human Resources;641
642;8;Human Resources;642
643;8;Human Resources;643
644;8;Human Resources;644
645;8;Human Resources;645
646;8;Human Resources;646
647;8;Human Resources;647
648;8;Human Resources;648
649;8;Human Resources;649
650;8;Human Resources;650
651;8;Human Resources;651
652;8;Human Resources;652
653;8;Human Resources;653
654;8;Human Resources;654
655;8;Human Resources;655
656;8;Human Resources;656
657;8;Human Resources;657
658;8;Human Resources;658
659;8;Human Resources;659
660;8;Human Resources;660
661;8;Human Resources;661
662;8;Human Resources;662
663;8;Human Resources;663
664;8;Human Resources;664
665;8;Human Resources;665
666;8;Human Resources;666
667;8;Human Resources;667
668;8;Human Resources;668
669;9;IT;669
670;9;IT;670
671;9;IT;671
672;9;IT;672
673;9;IT;673
674;9;IT;674
675;9;IT;675
676;9;IT;676
677;9;IT;677
678;9;IT;678
679;9;IT;679
680;9;IT;680
681;9;IT;681
682;9;IT;682
683;9;IT;683
684;9;IT;684
685;9;IT;685
686;9;IT;686
687;9;IT;687
688;9;IT;688
689;9;IT;689
690;9;IT;690
691;9;IT;691
692;9;IT;692
693;9;IT;693
694;9;IT;694
695;9;IT;695
696;9;IT;696
697;9;IT;697
698;9;IT;698
699;9;IT;699
700;9;IT;700
701;9;IT;701
702;9;IT;702
703;9;IT;703
704;9;IT;704
705;9;IT;705
706;9;IT;706
707;9;IT;707
708;9;IT;708
709;9;IT;709
710;9;IT;710
711;9;IT;711
712;9;IT;712
713;9;IT;713
714;9;IT;714
715;9;IT;715
716;9;IT;716
717;9;IT;717
718;9;IT;718
719;9;IT;719
720;9;IT;720
721;9;IT;721
722;9;IT;722
723;9;IT;723
724;9;IT;724
725;9;IT;725
726;9;IT;726
727;9;IT;727
728;9;IT;728
729;9;IT;729
730;9;IT;730
731;9;IT;731
732;9;IT;732
733;9;IT;733
734;9;IT;734
735;9;IT;735
736;9;IT;736
737;9;IT;737
738;9;IT;738
739;9;IT;739
740;9;IT;740
741;9;IT;741
742;9;IT;742
743;9;IT;743
744;9;IT;744
745;9;IT;745
746;9;IT;746
747;10;Manufacturing/Operations Staff;747
748;10;Manufacturing/Operations Staff;748
749;10;Manufacturing/Operations Staff;749
750;10;Manufacturing/Operations Staff;750
751;10;Manufacturing/Operations Staff;751
752;10;Manufacturing/Operations Staff;752
753;10;Manufacturing/Operations Staff;753
754;10;Manufacturing/Operations Staff;754
755;10;Manufacturing/Operations Staff;755
756;10;Manufacturing/Operations Staff;756
757;10;Manufacturing/Operations Staff;757
758;10;Manufacturing/Operations Staff;758
759;10;Manufacturing/Operations Staff;759
760;10;Manufacturing/Operations Staff;760
761;10;Manufacturing/Operations Staff;761
762;10;Manufacturing/Operations Staff;762
763;10;Manufacturing/Operations Staff;763
764;10;Manufacturing/Operations Staff;764
765;10;Manufacturing/Operations Staff;765
766;10;Manufacturing/Operations Staff;766
767;10;Manufacturing/Operations Staff;767
768;10;Manufacturing/Operations Staff;768
769;10;Manufacturing/Operations Staff;769
770;10;Manufacturing/Operations Staff;770
771;10;Manufacturing/Operations Staff;771
772;10;Manufacturing/Operations Staff;772
773;10;Manufacturing/Operations Staff;773
774;10;Manufacturing/Operations Staff;774
775;10;Manufacturing/Operations Staff;775
776;10;Manufacturing/Operations Staff;776
777;10;Manufacturing/Operations Staff;777
778;10;Manufacturing/Operations Staff;778
779;10;Manufacturing/Operations Staff;779
780;10;Manufacturing/Operations Staff;780
781;10;Manufacturing/Operations Staff;781
782;10;Manufacturing/Operations Staff;782
783;10;Manufacturing/Operations Staff;783
784;10;Manufacturing/Operations Staff;784
785;10;Manufacturing/Operations Staff;785
786;10;Manufacturing/Operations Staff;786
787;10;Manufacturing/Operations Staff;787
788;10;Manufacturing/Operations Staff;788
789;10;Manufacturing/Operations Staff;789
790;10;Manufacturing/Operations Staff;790
791;10;Manufacturing/Operations Staff;791
792;10;Manufacturing/Operations Staff;792
793;10;Manufacturing/Operations Staff;793
794;10;Manufacturing/Operations Staff;794
795;10;Manufacturing/Operations Staff;795
796;10;Manufacturing/Operations Staff;796
797;10;Manufacturing/Operations Staff;797
798;10;Manufacturing/Operations Staff;798
799;10;Manufacturing/Operations Staff;799
800;10;Manufacturing/Operations Staff;800
801;10;Manufacturing/Operations Staff;801
802;10;Manufacturing/Operations Staff;802
803;10;Manufacturing/Operations Staff;803
804;10;Manufacturing/Operations Staff;804
805;10;Manufacturing/Operations Staff;805
806;10;Manufacturing/Operations Staff;806
807;10;Manufacturing/Operations Staff;807
808;10;Manufacturing/Operations Staff;808
809;10;Manufacturing/Operations Staff;809
810;10;Manufacturing/Operations Staff;810
811;10;Manufacturing/Operations Staff;811
812;10;Manufacturing/Operations Staff;812
813;10;Manufacturing/Operations Staff;813
814;10;Manufacturing/Operations Staff;814
815;10;Manufacturing/Operations Staff;815
816;10;Manufacturing/Operations Staff;816
817;10;Manufacturing/Operations Staff;817
818;10;Manufacturing/Operations Staff;818
819;10;Manufacturing/Operations Staff;819
820;10;Manufacturing/Operations Staff;820
821;10;Manufacturing/Operations Staff;821
822;10;Manufacturing/Operations Staff;822
823;10;Manufacturing/Operations Staff;823
824;10;Manufacturing/Operations Staff;824
825;10;Manufacturing/Operations Staff;825
826;11;Marketing/Advertising;826
827;11;Marketing/Advertising;827
828;11;Marketing/Advertising;828
829;11;Marketing/Advertising;829
830;11;Marketing/Advertising;830
831;11;Marketing/Advertising;831
832;11;Marketing/Advertising;832
833;11;Marketing/Advertising;833
834;11;Marketing/Advertising;834
835;11;Marketing/Advertising;835
836;11;Marketing/Advertising;836
837;11;Marketing/Advertising;837
838;11;Marketing/Advertising;838
839;11;Marketing/Advertising;839
840;11;Marketing/Advertising;840
841;11;Marketing/Advertising;841
842;11;Marketing/Advertising;842
843;11;Marketing/Advertising;843
844;11;Marketing/Advertising;844
845;11;Marketing/Advertising;845
846;11;Marketing/Advertising;846
847;11;Marketing/Advertising;847
848;11;Marketing/Advertising;848
849;11;Marketing/Advertising;849
850;11;Marketing/Advertising;850
851;11;Marketing/Advertising;851
852;11;Marketing/Advertising;852
853;11;Marketing/Advertising;853
854;11;Marketing/Advertising;854
855;11;Marketing/Advertising;855
856;11;Marketing/Advertising;856
857;11;Marketing/Advertising;857
858;11;Marketing/Advertising;858
859;11;Marketing/Advertising;859
860;11;Marketing/Advertising;860
861;11;Marketing/Advertising;861
862;11;Marketing/Advertising;862
863;11;Marketing/Advertising;863
864;11;Marketing/Advertising;864
865;11;Marketing/Advertising;865
866;11;Marketing/Advertising;866
867;12;Product Management;867
868;12;Product Management;868
869;12;Product Management;869
870;12;Product Management;870
871;13;Retail Staff;871
872;13;Retail Staff;872
873;13;Retail Staff;873
874;13;Retail Staff;874
875;13;Retail Staff;875
876;13;Retail Staff;876
877;13;Retail Staff;877
878;13;Retail Staff;878
879;13;Retail Staff;879
880;13;Retail Staff;880
881;13;Retail Staff;881
882;13;Retail Staff;882
883;13;Retail Staff;883
884;13;Retail Staff;884
885;13;Retail Staff;885
886;13;Retail Staff;886
887;13;Retail Staff;887
888;13;Retail Staff;888
889;13;Retail Staff;889
890;13;Retail Staff;890
891;13;Retail Staff;891
892;13;Retail Staff;892
893;13;Retail Staff;893
894;13;Retail Staff;894
895;13;Retail Staff;895
896;13;Retail Staff;896
897;13;Retail Staff;897
898;13;Retail Staff;898
899;13;Retail Staff;899
900;13;Retail Staff;900
901;13;Retail Staff;901
902;13;Retail Staff;902
903;13;Retail Staff;903
904;13;Retail Staff;904
905;13;Retail Staff;905
906;13;Retail Staff;906
907;13;Retail Staff;907
908;13;Retail Staff;908
909;13;Retail Staff;909
910;13;Retail Staff;910
911;13;Retail Staff;911
912;13;Retail Staff;912
913;13;Retail Staff;913
914;13;Retail Staff;914
915;13;Retail Staff;915
916;13;Retail Staff;916
917;13;Retail Staff;917
918;13;Retail Staff;918
919;13;Retail Staff;919
920;13;Retail Staff;920
921;13;Retail Staff;921
922;13;Retail Staff;922
923;13;Retail Staff;923
924;13;Retail Staff;924
925;13;Retail Staff;925
926;14;Sales;926
927;14;Sales;927
928;14;Sales;928
929;14;Sales;929
930;14;Sales;930
931;14;Sales;931
932;14;Sales;932
933;14;Sales;933
934;14;Sales;934
935;14;Sales;935
936;14;Sales;936
937;14;Sales;937
938;14;Sales;938
939;14;Sales;939
940;14;Sales;940
941;14;Sales;941
942;14;Sales;942
943;14;Sales;943
944;14;Sales;944
945;14;Sales;945
946;14;Sales;946
947;14;Sales;947
948;14;Sales;948
949;15;Security;949
950;15;Security;950
951;15;Security;951
952;15;Security;952
953;15;Security;953
954;15;Security;954
955;15;Security;955
956;16;Skilled Trades;956
957;16;Skilled Trades;957
958;16;Skilled Trades;958
959;16;Skilled Trades;959
960;16;Skilled Trades;960
961;16;Skilled Trades;961
962;16;Skilled Trades;962
963;16;Skilled Trades;963
964;16;Skilled Trades;964
965;16;Skilled Trades;965
966;16;Skilled Trades;966
967;16;Skilled Trades;967
968;16;Skilled Trades;968
969;16;Skilled Trades;969
970;16;Skilled Trades;970
971;16;Skilled Trades;971
972;16;Skilled Trades;972
973;16;Skilled Trades;973
974;16;Skilled Trades;974
975;16;Skilled Trades;975
976;16;Skilled Trades;976
977;16;Skilled Trades;977
978;16;Skilled Trades;978
979;16;Skilled Trades;979
980;16;Skilled Trades;980
981;16;Skilled Trades;981
982;16;Skilled Trades;982
983;16;Skilled Trades;983
984;16;Skilled Trades;984
985;16;Skilled Trades;985
986;16;Skilled Trades;986
987;16;Skilled Trades;987
988;16;Skilled Trades;988
989;16;Skilled Trades;989
990;16;Skilled Trades;990
991;16;Skilled Trades;991
992;16;Skilled Trades;992
993;16;Skilled Trades;993
994;16;Skilled Trades;994
995;16;Skilled Trades;995
996;16;Skilled Trades;996
997;16;Skilled Trades;997
998;16;Skilled Trades;998
999;16;Skilled Trades;999
1000;16;Skilled Trades;1000
1001;16;Skilled Trades;1001
1002;16;Skilled Trades;1002
1003;16;Skilled Trades;1003
1004;16;Skilled Trades;1004
1005;16;Skilled Trades;1005
1006;16;Skilled Trades;1006
1007;16;Skilled Trades;1007
1008;16;Skilled Trades;1008
1009;16;Skilled Trades;1009
1010;16;Skilled Trades;1010
1011;16;Skilled Trades;1011
1012;16;Skilled Trades;1012
1013;16;Skilled Trades;1013
1014;16;Skilled Trades;1014
1015;16;Skilled Trades;1015
1016;16;Skilled Trades;1016
1017;16;Skilled Trades;1017
1018;16;Skilled Trades;1018
1019;16;Skilled Trades;1019
1020;17;Supply Chain Staff;1020
1021;17;Supply Chain Staff;1021
1022;17;Supply Chain Staff;1022
1023;17;Supply Chain Staff;1023
1024;17;Supply Chain Staff;1024
1025;17;Supply Chain Staff;1025
1026;17;Supply Chain Staff;1026
1027;17;Supply Chain Staff;1027
1028;17;Supply Chain Staff;1028
1029;17;Supply Chain Staff;1029
1030;17;Supply Chain Staff;1030
1031;17;Supply Chain Staff;1031
1032;17;Supply Chain Staff;1032
1033;17;Supply Chain Staff;1033
1034;17;Supply Chain Staff;1034
1035;17;Supply Chain Staff;1035
1036;17;Supply Chain Staff;1036
1037;17;Supply Chain Staff;1037
1038;17;Supply Chain Staff;1038
1039;17;Supply Chain Staff;1039
1040;17;Supply Chain Staff;1040
1041;17;Supply Chain Staff;1041
1042;17;Supply Chain Staff;1042
1043;17;Supply Chain Staff;1043
1044;17;Supply Chain Staff;1044
1045;17;Supply Chain Staff;1045
1046;17;Supply Chain Staff;1046
1047;17;Supply Chain Staff;1047
1048;17;Supply Chain Staff;1048
1049;17;Supply Chain Staff;1049
1050;17;Supply Chain Staff;1050
1051;17;Supply Chain Staff;1051
1052;18;Unassigned;1052
1053;18;Unassigned;1053
1054;18;Unassigned;1054
1055;18;Unassigned;1055
1056;18;Unassigned;1056
1057;18;Unassigned;1057
1058;18;Unassigned;1058
1059;18;Unassigned;1059
1060;18;Unassigned;1060
1061;18;Unassigned;1061
1062;18;Unassigned;1062
1063;18;Unassigned;1063
1064;18;Unassigned;1064
1065;18;Unassigned;1065
1066;18;Unassigned;1066
1067;18;Unassigned;1067
1068;18;Unassigned;1068
1069;18;Unassigned;1069
1070;18;Unassigned;1070
1071;18;Unassigned;1071
1072;18;Unassigned;1072
1073;18;Unassigned;1073
1074;18;Unassigned;1074
1075;18;Unassigned;1075
1076;18;Unassigned;1076
1077;18;Unassigned;1077
1078;18;Unassigned;1078
1079;18;Unassigned;1079
1080;18;Unassigned;1080
1081;18;Unassigned;1081
1082;18;Unassigned;1082
1083;18;Unassigned;1083
1084;18;Unassigned;1084
1085;18;Unassigned;1085
1086;18;Unassigned;1086
1087;1;Customer Service;1087
1088;1;Customer Service;1088
1089;2;Entertainment and Recreation;1089
1090;2;Entertainment and Recreation;1090
1091;2;Entertainment and Recreation;1091
1092;2;Entertainment and Recreation;1092
1093;2;Entertainment and Recreation;1093
1094;2;Entertainment and Recreation;1094
1095;2;Entertainment and Recreation;1095
1096;2;Entertainment and Recreation;1096
1097;2;Entertainment and Recreation;1097
1098;2;Entertainment and Recreation;1098
1099;2;Entertainment and Recreation;1099
1100;2;Entertainment and Recreation;1100
1101;2;Entertainment and Recreation;1101
1102;2;Entertainment and Recreation;1102
1103;2;Entertainment and Recreation;1103
1104;2;Entertainment and Recreation;1104
1105;2;Entertainment and Recreation;1105
1106;2;Entertainment and Recreation;1106
1107;2;Entertainment and Recreation;1107
1108;2;Entertainment and Recreation;1108
1109;2;Entertainment and Recreation;1109
1110;2;Entertainment and Recreation;1110
1111;2;Entertainment and Recreation;1111
1112;2;Entertainment and Recreation;1112
1113;2;Entertainment and Recreation;1113
1114;2;Entertainment and Recreation;1114
1115;2;Entertainment and Recreation;1115
1116;2;Entertainment and Recreation;1116
1117;2;Entertainment and Recreation;1117
1118;2;Entertainment and Recreation;1118
1119;2;Entertainment and Recreation;1119
1120;2;Entertainment and Recreation;1120
1121;2;Entertainment and Recreation;1121
1122;2;Entertainment and Recreation;1122
1123;2;Entertainment and Recreation;1123
1124;2;Entertainment and Recreation;1124
1125;2;Entertainment and Recreation;1125
1126;2;Entertainment and Recreation;1126
1127;2;Entertainment and Recreation;1127
1128;2;Entertainment and Recreation;1128
1129;2;Entertainment and Recreation;1129
1130;2;Entertainment and Recreation;1130
1131;2;Entertainment and Recreation;1131
1132;2;Entertainment and Recreation;1132
1133;2;Entertainment and Recreation;1133
1134;2;Entertainment and Recreation;1134
1135;2;Entertainment and Recreation;1135
1136;2;Entertainment and Recreation;1136
1137;2;Entertainment and Recreation;1137
1138;2;Entertainment and Recreation;1138
1139;2;Entertainment and Recreation;1139
1140;3;Facilities/Constr;1140
1141;3;Facilities/Constr;1141
1142;3;Facilities/Constr;1142
1143;3;Facilities/Constr;1143
1144;4;Finance/Insurance;1144
1145;4;Finance/Insurance;1145
1146;4;Finance/Insurance;1146
1147;4;Finance/Insurance;1147
1148;4;Finance/Insurance;1148
1149;4;Finance/Insurance;1149
1150;4;Finance/Insurance;1150
1151;4;Finance/Insurance;1151
1152;4;Finance/Insurance;1152
1153;4;Finance/Insurance;1153
1154;4;Finance/Insurance;1154
1155;4;Finance/Insurance;1155
1156;4;Finance/Insurance;1156
1157;4;Finance/Insurance;1157
1158;4;Finance/Insurance;1158
1159;4;Finance/Insurance;1159
1160;4;Finance/Insurance;1160
1161;4;Finance/Insurance;1161
1162;4;Finance/Insurance;1162
1163;4;Finance/Insurance;1163
1164;4;Finance/Insurance;1164
1165;4;Finance/Insurance;1165
1166;4;Finance/Insurance;1166
1167;4;Finance/Insurance;1167
1168;4;Finance/Insurance;1168
1169;4;Finance/Insurance;1169
1170;4;Finance/Insurance;1170
1171;4;Finance/Insurance;1171
1172;4;Finance/Insurance;1172
1173;4;Finance/Insurance;1173
1174;4;Finance/Insurance;1174
1175;4;Finance/Insurance;1175
1176;4;Finance/Insurance;1176
1177;4;Finance/Insurance;1177
1178;4;Finance/Insurance;1178
1179;4;Finance/Insurance;1179
1180;4;Finance/Insurance;1180
1181;4;Finance/Insurance;1181
1182;4;Finance/Insurance;1182
1183;4;Finance/Insurance;1183
1184;4;Finance/Insurance;1184
1185;4;Finance/Insurance;1185
1186;4;Finance/Insurance;1186
1187;4;Finance/Insurance;1187
1188;4;Finance/Insurance;1188
1189;4;Finance/Insurance;1189
1190;6;Healthcare;1190
1191;6;Healthcare;1191
1192;6;Healthcare;1192
1193;6;Healthcare;1193
1194;6;Healthcare;1194
1195;6;Healthcare;1195
1196;6;Healthcare;1196
1197;6;Healthcare;1197
1198;6;Healthcare;1198
1199;6;Healthcare;1199
1200;6;Healthcare;1200
1201;6;Healthcare;1201
1202;6;Healthcare;1202
1203;6;Healthcare;1203
1204;6;Healthcare;1204
1205;6;Healthcare;1205
1206;6;Healthcare;1206
1207;6;Healthcare;1207
1208;6;Healthcare;1208
1209;6;Healthcare;1209
1210;6;Healthcare;1210
1211;6;Healthcare;1211
1212;6;Healthcare;1212
1213;6;Healthcare;1213
1214;6;Healthcare;1214
1215;6;Healthcare;1215
1216;6;Healthcare;1216
1217;6;Healthcare;1217
1218;6;Healthcare;1218
1219;6;Healthcare;1219
1220;6;Healthcare;1220
1221;6;Healthcare;1221
1222;6;Healthcare;1222
1223;6;Healthcare;1223
1224;6;Healthcare;1224
1225;6;Healthcare;1225
1226;6;Healthcare;1226
1227;6;Healthcare;1227
1228;7;Hospitality Staff;1228
1229;7;Hospitality Staff;1229
1230;7;Hospitality Staff;1230
1231;7;Hospitality Staff;1231
1232;7;Hospitality Staff;1232
1233;7;Hospitality Staff;1233
1234;7;Hospitality Staff;1234
1235;7;Hospitality Staff;1235
1236;7;Hospitality Staff;1236
1237;7;Hospitality Staff;1237
1238;7;Hospitality Staff;1238
1239;7;Hospitality Staff;1239
1240;7;Hospitality Staff;1240
1241;7;Hospitality Staff;1241
1242;7;Hospitality Staff;1242
1243;7;Hospitality Staff;1243
1244;7;Hospitality Staff;1244
1245;8;Human Resources;1245
1246;8;Human Resources;1246
1247;8;Human Resources;1247
1248;8;Human Resources;1248
1249;8;Human Resources;1249
1250;8;Human Resources;1250
1251;8;Human Resources;1251
1252;8;Human Resources;1252
1253;8;Human Resources;1253
1254;8;Human Resources;1254
1255;8;Human Resources;1255
1256;8;Human Resources;1256
1257;8;Human Resources;1257
1258;8;Human Resources;1258
1259;9;IT;1259
1260;9;IT;1260
1261;9;IT;1261
1262;9;IT;1262
1263;9;IT;1263
1264;9;IT;1264
1265;9;IT;1265
1266;9;IT;1266
1267;9;IT;1267
1268;9;IT;1268
1269;9;IT;1269
1270;9;IT;1270
1271;9;IT;1271
1272;9;IT;1272
1273;9;IT;1273
1274;9;IT;1274
1275;9;IT;1275
1276;9;IT;1276
1277;9;IT;1277
1278;9;IT;1278
1279;9;IT;1279
1280;9;IT;1280
1281;9;IT;1281
1282;9;IT;1282
1283;9;IT;1283
1284;9;IT;1284
1285;9;IT;1285
1286;9;IT;1286
1287;10;Manufacturing/Operations Staff;1287
1288;10;Manufacturing/Operations Staff;1288
1289;10;Manufacturing/Operations Staff;1289
1290;10;Manufacturing/Operations Staff;1290
1291;10;Manufacturing/Operations Staff;1291
1292;10;Manufacturing/Operations Staff;1292
1293;10;Manufacturing/Operations Staff;1293
1294;10;Manufacturing/Operations Staff;1294
1295;10;Manufacturing/Operations Staff;1295
1296;10;Manufacturing/Operations Staff;1296
1297;10;Manufacturing/Operations Staff;1297
1298;10;Manufacturing/Operations Staff;1298
1299;10;Manufacturing/Operations Staff;1299
1300;10;Manufacturing/Operations Staff;1300
1301;10;Manufacturing/Operations Staff;1301
1302;10;Manufacturing/Operations Staff;1302
1303;10;Manufacturing/Operations Staff;1303
1304;10;Manufacturing/Operations Staff;1304
1305;10;Manufacturing/Operations Staff;1305
1306;10;Manufacturing/Operations Staff;1306
1307;11;Marketing/Advertising;1307
1308;11;Marketing/Advertising;1308
1309;13;Retail Staff;1309
1310;13;Retail Staff;1310
1311;13;Retail Staff;1311
1312;14;Sales;1312
1313;14;Sales;1313
1314;14;Sales;1314
1315;15;Security;1315
1316;15;Security;1316
1317;15;Security;1317
1318;15;Security;1318
1319;15;Security;1319
1320;15;Security;1320
1321;16;Skilled Trades;1321
1322;16;Skilled Trades;1322
1323;16;Skilled Trades;1323
1324;16;Skilled Trades;1324
1325;16;Skilled Trades;1325
1326;16;Skilled Trades;1326
1327;16;Skilled Trades;1327
1328;16;Skilled Trades;1328
1329;16;Skilled Trades;1329
1330;16;Skilled Trades;1330
1331;16;Skilled Trades;1331
1332;16;Skilled Trades;1332
1333;16;Skilled Trades;1333
1334;16;Skilled Trades;1334
1335;16;Skilled Trades;1335
1336;16;Skilled Trades;1336
1337;16;Skilled Trades;1337
1338;17;Supply Chain Staff;1338
1339;17;Supply Chain Staff;1339
1340;17;Supply Chain Staff;1340
1341;17;Supply Chain Staff;1341
1342;17;Supply Chain Staff;1342
1343;18;Unassigned;1343
1344;18;Unassigned;1344
1345;1;Customer Service;1345
1346;1;Customer Service;1346
1347;2;Entertainment and Recreation;1347
1348;2;Entertainment and Recreation;1348
1349;2;Entertainment and Recreation;1349
1350;2;Entertainment and Recreation;1350
1351;2;Entertainment and Recreation;1351
1352;2;Entertainment and Recreation;1352
1353;2;Entertainment and Recreation;1353
1354;2;Entertainment and Recreation;1354
1355;2;Entertainment and Recreation;1355
1356;2;Entertainment and Recreation;1356
1357;2;Entertainment and Recreation;1357
1358;2;Entertainment and Recreation;1358
1359;2;Entertainment and Recreation;1359
1360;2;Entertainment and Recreation;1360
1361;2;Entertainment and Recreation;1361
1362;2;Entertainment and Recreation;1362
1363;2;Entertainment and Recreation;1363
1364;2;Entertainment and Recreation;1364
1365;2;Entertainment and Recreation;1365
1366;2;Entertainment and Recreation;1366
1367;2;Entertainment and Recreation;1367
1368;2;Entertainment and Recreation;1368
1369;2;Entertainment and Recreation;1369
1370;3;Facilities/Constr;1370
1371;3;Facilities/Constr;1371
1372;4;Finance/Insurance;1372
1373;4;Finance/Insurance;1373
1374;4;Finance/Insurance;1374
1375;4;Finance/Insurance;1375
1376;4;Finance/Insurance;1376
1377;4;Finance/Insurance;1377
1378;4;Finance/Insurance;1378
1379;4;Finance/Insurance;1379
1380;4;Finance/Insurance;1380
1381;4;Finance/Insurance;1381
1382;4;Finance/Insurance;1382
1383;4;Finance/Insurance;1383
1384;4;Finance/Insurance;1384
1385;4;Finance/Insurance;1385
1386;5;Food & Beverage;1386
1387;6;Healthcare;1387
1388;6;Healthcare;1388
1389;6;Healthcare;1389
1390;6;Healthcare;1390
1391;6;Healthcare;1391
1392;6;Healthcare;1392
1393;6;Healthcare;1393
1394;6;Healthcare;1394
1395;6;Healthcare;1395
1396;6;Healthcare;1396
1397;6;Healthcare;1397
1398;6;Healthcare;1398
1399;6;Healthcare;1399
1400;6;Healthcare;1400
1401;6;Healthcare;1401
1402;6;Healthcare;1402
1403;6;Healthcare;1403
1404;6;Healthcare;1404
1405;6;Healthcare;1405
1406;7;Hospitality Staff;1406
1407;7;Hospitality Staff;1407
1408;7;Hospitality Staff;1408
1409;7;Hospitality Staff;1409
1410;7;Hospitality Staff;1410
1411;7;Hospitality Staff;1411
1412;7;Hospitality Staff;1412
1413;8;Human Resources;1413
1414;8;Human Resources;1414
1415;9;IT;1415
1416;9;IT;1416
1417;9;IT;1417
1418;9;IT;1418
1419;9;IT;1419
1420;9;IT;1420
1421;9;IT;1421
1422;10;Manufacturing/Operations Staff;1422
1423;10;Manufacturing/Operations Staff;1423
1424;10;Manufacturing/Operations Staff;1424
1425;10;Manufacturing/Operations Staff;1425
1426;10;Manufacturing/Operations Staff;1426
1427;10;Manufacturing/Operations Staff;1427
1428;11;Marketing/Advertising;1428
1429;13;Retail Staff;1429
1430;14;Sales;1430
1431;14;Sales;1431
1432;15;Security;1432
1433;16;Skilled Trades;1433
1434;16;Skilled Trades;1434
1435;16;Skilled Trades;1435
1436;16;Skilled Trades;1436
1437;16;Skilled Trades;1437
1438;16;Skilled Trades;1438
1439;16;Skilled Trades;1439
1440;17;Supply Chain Staff;1440
1441;18;Unassigned;1441
1442;2;Entertainment and Recreation;1442
1443;2;Entertainment and Recreation;1443
1444;2;Entertainment and Recreation;1444
1445;2;Entertainment and Recreation;1445
1446;2;Entertainment and Recreation;1446
1447;2;Entertainment and Recreation;1447
1448;2;Entertainment and Recreation;1448
1449;2;Entertainment and Recreation;1449
1450;2;Entertainment and Recreation;1450
1451;2;Entertainment and Recreation;1451
1452;2;Entertainment and Recreation;1452
1453;2;Entertainment and Recreation;1453
1454;2;Entertainment and Recreation;1454
1455;4;Finance/Insurance;1455
1456;4;Finance/Insurance;1456
1457;4;Finance/Insurance;1457
1458;4;Finance/Insurance;1458
1459;4;Finance/Insurance;1459
1460;4;Finance/Insurance;1460
1461;4;Finance/Insurance;1461
1462;4;Finance/Insurance;1462
1463;4;Finance/Insurance;1463
1464;6;Healthcare;1464
1465;6;Healthcare;1465
1466;6;Healthcare;1466
1467;6;Healthcare;1467
1468;6;Healthcare;1468
1469;6;Healthcare;1469
1470;6;Healthcare;1470
1471;6;Healthcare;1471
1472;7;Hospitality Staff;1472
1473;7;Hospitality Staff;1473
1474;7;Hospitality Staff;1474
1475;7;Hospitality Staff;1475
1476;8;Human Resources;1476
1477;8;Human Resources;1477
1478;8;Human Resources;1478
1479;9;IT;1479
1480;9;IT;1480
1481;9;IT;1481
1482;10;Manufacturing/Operations Staff;1482
1483;11;Marketing/Advertising;1483
1484;11;Marketing/Advertising;1484
1485;13;Retail Staff;1485
1486;16;Skilled Trades;1486
1487;16;Skilled Trades;1487
1488;16;Skilled Trades;1488
1489;16;Skilled Trades;1489
1490;16;Skilled Trades;1490
1491;16;Skilled Trades;1491
1492;17;Supply Chain Staff;1492
1493;2;Entertainment and Recreation;1493
1494;2;Entertainment and Recreation;1494
1495;2;Entertainment and Recreation;1495
1496;4;Finance/Insurance;1496
1497;4;Finance/Insurance;1497
1498;4;Finance/Insurance;1498
1499;6;Healthcare;1499
1500;6;Healthcare;1500
1501;6;Healthcare;1501
1502;6;Healthcare;1502
1503;6;Healthcare;1503
1504;8;Human Resources;1504
1505;9;IT;1505
1506;9;IT;1506
1507;9;IT;1507
1508;10;Manufacturing/Operations Staff;1508
1509;10;Manufacturing/Operations Staff;1509
1510;11;Marketing/Advertising;1510
1511;13;Retail Staff;1511
1512;16;Skilled Trades;1512
1513;16;Skilled Trades;1513
1514;17;Supply Chain Staff;1514
1515;18;Unassigned;1515
1516;2;Entertainment and Recreation;1516
1517;2;Entertainment and Recreation;1517
1518;2;Entertainment and Recreation;1518
1519;2;Entertainment and Recreation;1519
1520;2;Entertainment and Recreation;1520
1521;2;Entertainment and Recreation;1521
1522;2;Entertainment and Recreation;1522
1523;2;Entertainment and Recreation;1523
1524;2;Entertainment and Recreation;1524
1525;4;Finance/Insurance;1525
1526;4;Finance/Insurance;1526
1527;4;Finance/Insurance;1527
1528;6;Healthcare;1528
1529;6;Healthcare;1529
1530;8;Human Resources;1530
1531;8;Human Resources;1531
1532;8;Human Resources;1532
1533;9;IT;1533
1534;11;Marketing/Advertising;1534
1535;16;Skilled Trades;1535
1536;16;Skilled Trades;1536
1537;17;Supply Chain Staff;1537
1538;17;Supply Chain Staff;1538
1539;2;Entertainment and Recreation;1539
1540;6;Healthcare;1540
1541;7;Hospitality Staff;1541
1542;8;Human Resources;1542
1543;8;Human Resources;1543
1544;8;Human Resources;1544
1545;9;IT;1545
1546;13;Retail Staff;1546
1547;16;Skilled Trades;1547
1548;4;Finance/Insurance;1548
1549;6;Healthcare;1549
1550;4;Finance/Insurance;1550
1551;4;Finance/Insurance;1551
1552;4;Finance/Insurance;1552
1553;7;Hospitality Staff;1553
1554;8;Human Resources;1554
1555;9;IT;1555
1556;9;IT;1556
1557;9;IT;1557
1558;2;Entertainment and Recreation;1558
1559;2;Entertainment and Recreation;1559
1560;6;Healthcare;1560
1561;6;Healthcare;1561
1562;6;Healthcare;1562
1563;7;Hospitality Staff;1563
1564;8;Human Resources;1564
1565;13;Retail Staff;1565
1566;2;Entertainment and Recreation;1566
1567;2;Entertainment and Recreation;1567
1568;4;Finance/Insurance;1568
1569;4;Finance/Insurance;1569
1570;4;Finance/Insurance;1570
1571;6;Healthcare;1571
1572;8;Human Resources;1572
1573;8;Human Resources;1573
1574;8;Human Resources;1574
1575;9;IT;1575
1576;9;IT;1576
1577;16;Skilled Trades;1577
1578;2;Entertainment and Recreation;1578
1579;2;Entertainment and Recreation;1579
1580;2;Entertainment and Recreation;1580
1581;2;Entertainment and Recreation;1581
1582;4;Finance/Insurance;1582
1583;4;Finance/Insurance;1583
1584;7;Hospitality Staff;1584
1585;8;Human Resources;1585
1586;10;Manufacturing/Operations Staff;1586
1587;17;Supply Chain Staff;1587
1588;2;Entertainment and Recreation;1588
1589;3;Facilities/Constr;1589
1590;4;Finance/Insurance;1590
1591;6;Healthcare;1591
1592;7;Hospitality Staff;1592
1593;13;Retail Staff;1593
1594;13;Retail Staff;1594
1595;6;Healthcare;1595
1596;6;Healthcare;1596
1597;9;IT;1597
1598;16;Skilled Trades;1598
1599;1;Customer Service;1599
1600;4;Finance/Insurance;1600
1601;6;Healthcare;1601
1602;6;Healthcare;1602
1603;7;Hospitality Staff;1603
1604;17;Supply Chain Staff;1604
1605;4;Finance/Insurance;1605
1606;4;Finance/Insurance;1606
1607;8;Human Resources;1607
1608;4;Finance/Insurance;1608
1609;6;Healthcare;1609
1610;7;Hospitality Staff;1610
1611;9;IT;1611
1612;4;Finance/Insurance;1612
1613;8;Human Resources;1613
1614;9;IT;1614
1615;9;IT;1615
1616;6;Healthcare;1616
1617;6;Healthcare;1617
1618;8;Human Resources;1618
1619;3;Facilities/Constr;1619
1620;2;Entertainment and Recreation;1620
1621;2;Entertainment and Recreation;1621
1622;16;Skilled Trades;1622
1623;4;Finance/Insurance;1623
1624;4;Finance/Insurance;1624
1625;7;Hospitality Staff;1625
1626;8;Human Resources;1626
1627;11;Marketing/Advertising;1627
1628;16;Skilled Trades;1628
1629;10;Manufacturing/Operations Staff;1629
1630;4;Finance/Insurance;1630
1631;2;Entertainment and Recreation;1631
1632;4;Finance/Insurance;1632
1633;4;Finance/Insurance;1633
1634;4;Finance/Insurance;1634
1635;4;Finance/Insurance;1635
1636;4;Finance/Insurance;1636
1637;2;Entertainment and Recreation;1637
1638;10;Manufacturing/Operations Staff;1638
1639;6;Healthcare;1639
1640;7;Hospitality Staff;1640
1641;10;Manufacturing/Operations Staff;1641
1642;8;Human Resources;1642
1643;17;Supply Chain Staff;1643
1644;2;Entertainment and Recreation;1644
1645;4;Finance/Insurance;1645
1646;9;IT;1646
1647;9;IT;1647
1648;7;Hospitality Staff;1648
1649;10;Manufacturing/Operations Staff;1649
1650;10;Manufacturing/Operations Staff;1650
1651;16;Skilled Trades;1651
1652;4;Finance/Insurance;1652
1653;4;Finance/Insurance;1653
1654;4;Finance/Insurance;1654
1655;9;IT;1655
1656;2;Entertainment and Recreation;1656
1657;3;Facilities/Constr;1657
1658;2;Entertainment and Recreation;1658
1659;16;Skilled Trades;1659
1660;9;IT;1660
1661;2;Entertainment and Recreation;1661
1662;16;Skilled Trades;1662
1663;3;Facilities/Constr;1663
1664;8;Human Resources;1664
1665;9;IT;1665
1666;16;Skilled Trades;1666
1667;2;Entertainment and Recreation;1667
1668;2;Entertainment and Recreation;1668
1669;16;Skilled Trades;1669
1670;6;Healthcare;1670
1671;4;Finance/Insurance;1671
1672;7;Hospitality Staff;1672
1673;4;Finance/Insurance;1673
1674;7;Hospitality Staff;1674
1675;16;Skilled Trades;1675
1676;7;Hospitality Staff;1676
1677;2;Entertainment and Recreation;1677
1678;2;Entertainment and Recreation;1678
1679;2;Entertainment and Recreation;1679
1680;2;Entertainment and Recreation;1680
1681;7;Hospitality Staff;1681
1682;14;Sales;1682
1683;16;Skilled Trades;1683
1684;9;IT;1684
1685;3;Facilities/Constr;1685
1686;4;Finance/Insurance;1686
1687;9;IT;1687
1688;16;Skilled Trades;1688
1689;6;Healthcare;1689
1690;2;Entertainment and Recreation;1690
1691;2;Entertainment and Recreation;1691
1692;2;Entertainment and Recreation;1692
1693;6;Healthcare;1693
1694;7;Hospitality Staff;1694
1695;8;Human Resources;1695
1696;18;Unassigned;1696
1697;2;Entertainment and Recreation;1697
1698;2;Entertainment and Recreation;1698
1699;2;Entertainment and Recreation;1699
1700;2;Entertainment and Recreation;1700
