id_role;role
1;Call Center Manager
2;Customer Service Manager
3;Customer Service Representative
4;Customer Support Representative
5;Relationship Manager
6;Senior Customer Service Representative
7;Service Desk Manager
8;Service Manager
9;Service Representative
10;Actor
11;Animal Handler
12;Animator
13;Arcade Attendant
14;Artisan
15;Artistic Director
16;Athletic Trainer
17;Audio Specialist
18;Box Office Manager
19;Camera Operator
20;Camp Director
21;Camp Staff
22;Cast Member
23;Cinematographer
24;Composer
25;Curator
26;Development Assistant
27;Dresser
28;Editor
29;Effects Specialist
30;Ensemble
31;Event Manager/Planner
32;Event Specialist/Staff
33;Experience Specialist
34;First Hand
35;Floor Staff
36;Game Designer
37;Golf Cart Attendant
38;Golf Operations Staff
39;Grant Writer
40;Group Leader
41;Host/ess
42;Lifeguard
43;Lighting Designer
44;Magician
45;Makeup Artist
46;Makeup Specialist
47;Membership Coordinator
48;Membership Manager
49;Modeler
50;Moderator
51;Musician
52;Naturalist
53;News Anchor
54;Park Manager
55;Park Ranger
56;Performer
57;Personal Assistant
58;Personal Trainer
59;Production Assistant
60;Production Staff
61;Production Team Member
62;Production Technician
63;Promotions Manager
64;Recreation Specialist
65;Rental Coordinator
66;Reporter
67;Research Specialist
68;Ride Attendant
69;Ride Operator
70;Runner
71;Seamstress
72;Ski Instructor
73;Ski Lift Operator
74;Sports Coordinator
75;Stage Manager
76;Stitcher
77;Studio Manager
78;Stylist
79;Talent Agent
80;Technical Designer
81;Technical Manager
82;Tour Guide
83;Usher
84;Video Producer
85;Video Technician
86;Videographer
87;Visitor Services Specialist
88;Volunteer Coordinator
89;Writer
90;Youth Development Specialist
91;Building Inspector
92;Building Supervisor
93;Caretaker
94;Cleaning Crew
95;Community Manager
96;Concrete Laborer
97;Construction Assistant
98;Construction Engineer
99;Construction Foreman
100;Construction Manager
101;Construction Worker
102;Custodian
103;Environmental Specialist
104;Facilities Manager
105;Facilities Technician
106;Flagger
107;Gardener
108;General Maintenance Worker
109;Groundskeeper/Crew
110;Janitor
111;Landscaper
112;Lawn Technician
113;Lead Maintenance
114;Maintenance Crew
115;Maintenance Electrician
116;Maintenance Engineer
117;Maintenance Manager
118;Maintenance Person
119;Maintenance Planner
120;Maintenance Supervisor
121;Maintenance Technician
122;Maintenance Worker
123;Pest Control Technician
124;Property Manager
125;Pruner
126;Sanitation Worker
127;Utility Worker
128;Accountant
129;Accounting Manager
130;Accounting Specialist
131;Accounts Payable Specialist
132;Accounts Receivable Specialist
133;Actuary
134;Administrative Assistant
135;Agency Owner
136;Analyst
137;Apartment Manager
138;Appraiser
139;Appraiser Trainee
140;Asset Management Specialist
141;Asset Manager
142;Audit Associate
143;Audit Manager
144;Auditor
145;Bail Bondsman
146;Bank Manager
147;Banker
148;Biller
149;Branch Manager
150;Broker
151;Business Intelligence Specialist
152;Business Systems Analyst
153;Cash Management Specialist
154;Certified Financial Planner
155;Certified Public Accountant
156;CFO
157;Chief Accounting Officer
158;Chief Compliance Officer
159;Claims Adjuster
160;Claims Specialist
161;Clerk
162;Closer
163;Collections Specialist
164;Commercial Property Manager
165;Commercial Real Estate Agent
166;Compliance Analyst
167;Compliance Manager
168;Compliance Officer
169;Compliance Specialist
170;Consumer Loan Specialist
171;Contract Specialist
172;Corporate Accountant
173;Corporate Controller
174;Cost Accountant
175;Cost Analyst
176;Credit And Collections Manager
177;Credit Specialist
178;Debt Collector
179;Director of Accounting
180;Director of Finance
181;Escrow Officer
182;F/I mgr
183;Finance Analyst
184;Finance Assistant
185;Finance Associate
186;Finance Manager
187;Financial Accountant
188;Financial Advisor
189;Financial Analyst
190;Financial Consultant
191;Financial Counselor
192;Financial Reporting Manager
193;Financial Representative
194;Financial Services Representative
195;Financial Specialist
196;Fraud Specialist
197;Full Charge Bookkeeper
198;Fund Manager
199;Funding Specialist
200;General Accountant
201;General Ledger Accountant
202;Housing Manager
203;Insurance Adjuster
204;Insurance Agent
205;Insurance Manager
206;Insurance Sales Representative
207;Insurance Specialist
208;Internal Auditor
209;Investigative Specialist
210;Investment Advisor
211;Investment Officer
212;Junior Accountant
213;Land Acquisition Manager
214;Land Developer
215;Lead Analyst
216;Leasing Agent
217;Leasing Consultant
218;Leasing Manager
219;Leasing mgr/specialist
220;Loan Coordinator
221;Loan Officer
222;Loan Originator
223;Loan Processor
224;Loss Prevention Specialist
225;Management Accountant
226;Managing Director
227;Market Analyst
228;Merchant
229;Mortgage Banker
230;Mortgage Loan Officer
231;Mortgage Loan Processor
232;Mortgage Specialist
233;Mortgage Underwriter
234;Payroll Accountant
235;Payroll Administrator
236;Payroll Analyst
237;Payroll Clerk
238;Payroll Manager
239;Payroll Specialist
240;Personal Banker
241;Plant Accountant
242;Portfolio Manager
243;Pricing Specialist
244;Property Accountant
245;Property Management Coordinator
246;Purchasing Agent
247;Quantitative Analyst
248;Real Estate Agent
249;Real Estate Analyst
250;Real Estate Manager
251;Realtor
252;Regional Property Manager
253;Relationship Banker
254;Reporting Analyst
255;Researcher
256;Risk Specialist
257;Sales Representative
258;Securities Specialist
259;Senior Accountant
260;Senior Accounting Analyst
261;Senior Accounting Manager
262;Senior Analyst
263;Senior Audit Manager
264;Senior Auditor
265;Senior Business Analyst
266;Senior Controller
267;Senior Corporate Accountant
268;Senior Credit Analyst
269;Senior Data Analyst
270;Senior Financial Accountant
271;Senior Financial Analyst
272;Senior Internal Auditor
273;Senior Staff Accountant
274;Senior Tax Accountant
275;Senior Tax Associate
276;Senior Tax Manager
277;Senior Underwriter
278;Showing Agent
279;Solicitor
280;Sourcing Manager
281;Sourcing Specialist
282;Staff Accountant
283;Staff Auditor
284;Statistician
285;Student Loan Counselor
286;Tax Accountant
287;Tax Analyst
288;Tax Associate
289;Tax Manager
290;Tax Preparer
291;Tax Professional
292;Tax Specialist
293;Teller
294;Title clerk
295;Transcriptionist
296;Treasurer
297;Underwriter
298;VP of Finance
299;Baker
300;Bakery Assistant
301;Bakery Supervisor
302;Barista
303;Bartender/Barback
304;Breakfast Attendant
305;Busperson
306;Butcher
307;Cake Decorator
308;Caterer
309;Chef
310;Cook
311;Culinary Manager
312;Dairy Supervisor
313;Deli Manager
314;Dietary Aide
315;Dietary Technician
316;Dining Room Manager
317;Director of Dining Services
318;Director of Food and Beverage
319;Dishwasher
320;Executive Chef
321;Expeditor
322;Fast Food Restaurant Assistant Manager
323;Food & Beverage Manager
324;Food Preparation Worker
325;Food Service Worker
326;Food/Beverage Server
327;Frozen Supervisor
328;Grill Cook
329;Kitchen Assistant
330;Kitchen Helper
331;Kitchen Manager
332;Kitchen Team Member
333;Kitchen Worker
334;Lead Cook
335;Line Cook
336;Maitre D'
337;Meat Cutter
338;Meat Supervisor
339;Pantry Chef
340;Pastry Cook
341;Personal Shopper
342;Pizza Cook
343;Prep Cook
344;Prep Person
345;Replenishment Associate
346;Restaurant Manager
347;Restaurant Team Member
348;Sandwich Maker
349;Senior Cook
350;Senior Food Service Worker
351;Sommelier
352;Sous Chef
353;Steward
354;Abstractor
355;Activity Coordinator
356;Acupuncturist
357;Administrator
358;Admissions Coordinator
359;Advanced Practice Nurse
360;Alcohol Drug Counselor
361;Allergist
362;Allergy Technician
363;Anesthesiologist
364;Assessor
365;Audiologist
366;Behavioral Health Specialist
367;Behavioral Health Therapist
368;Biomedical Technician
369;Biostatistician
370;Business Office Manager
371;Cardiologist
372;Care Coordinator
373;Care Team Specialist
374;Caregiver
375;Case Manager
376;Certified Medical Technician
377;Chiropractor
378;Client/Patient Advocate
379;Clinic Manager/Staff
380;Clinical Assistant
381;Clinical Coordinator
382;Clinical Director
383;Clinical Liaison
384;Clinical Manager
385;Clinical Nurse Specialist
386;Clinical Services Manager
387;CNA
388;CNO
389;Coding Specialist
390;Counselor
391;CRNA
392;Dental Assistant
393;Dental Hygienist
394;Dentist
395;Dermatologist
396;Device Specialist
397;Dialysis Nurse
398;Dietician
399;Direct Support Staff
400;Dispensary Manager
401;Document Specialist
402;Dosimetrist
403;EEG Technician
404;Emergency Room Nurse
405;Emergency Room Technician
406;EMT
407;Endocrinologist
408;Endoscopy Technician
409;Enrollment Specialist
410;Facilities
411;Family Therapist
412;Float Pool
413;Gastroenterologist
414;General Surgeon
415;Health Information Specialist
416;Health Technician
417;Hematologist
418;Home Health Aide
419;Home Health Nurse
420;Hospice Aide
421;Hospice Nurse
422;Hospitalist
423;Infection Prevention Specialist
424;Intake Specialist
425;Intensivist
426;Internal Medicine Physician
427;Investor Relations
428;Lab Assistant
429;Lab Scientist
430;Lab Supervisor
431;Lab Tech
432;Lab Technician
433;Laboratory Tech
434;Laboratory Technician
435;Lactation Assistant
436;Lactation Consultant
437;LADC
438;LCSW
439;Legal
440;Legal/Gov Affairs
441;Licensed Marriage Family Therapist
442;Licensed Practical Nurse
443;Licensed Vocational Nurse
444;LMFT
445;Logistics
446;LPN
447;Mammography Technician
448;Medical Affairs
449;Medical Assistant
450;Medical Coder
451;Medical Director
452;Medical Lab Technician
453;Medical Laboratory Technician
454;Medical Record Technician
455;Medical Records Clerk
456;Medical Secretary
457;Medical Technician
458;Medical Technologist
459;Medicare Specialist
460;Medication Aide
461;Mental Health Associate
462;Mental Health Nurse
463;Mental Health Specialist
464;Mental Health Technician
465;Mental Health Therapist
466;Microbiologist
467;Midwife
468;MLT
469;MRI Technician
470;Neonatologist
471;Neurologist
472;Neuropsychologist
473;Nocturnist
474;Nuclear Medicine Technician
475;Nuclear Pharmacist
476;Nurse Aide
477;Nurse Anesthetist
478;Nurse Anesthetist/CRNA
479;Nurse Assistant
480;Nurse Manager
481;Nurse Practitioner
482;Nursing Aide
483;Nursing Assistant
484;Nursing Home Administrator
485;Nutritionist
486;OB/GYN
487;Occupational Therapist
488;Occupational Therapist Assistant
489;Office Assistant
490;Operating Room Technician
491;Ophthalmic Technician
492;Ophthalmologist / Optometrist
493;Optician
494;Oral Surgeon
495;Orthopedic Surgeon
496;Orthopedic Technician
497;Paramedic
498;Paraprofessional
499;Pathologist
500;Pathologist Assistant
501;Patient Access Specialist
502;Patient Advocate
503;Patient Care Coordinator
504;Patient Care Technician
505;Patient Service Representative
506;Pediatric Nurse Practitioner
507;Pediatrician
508;Peer Specialist
509;Perfusionist
510;Pharmacist
511;Pharmacy Manager
512;Pharmacy Resident
513;Phlebotomist 
514;Phlebotomy Technician
515;Physical Therapist
516;Physical Therapist Assistant
517;Physical Therapy Aide
518;Physician Assistant
519;Physiologist
520;Podiatrist
521;Polysomnographic Technician
522;Practice Manager
523;Psychiatric Technician
524;Psychiatrist
525;Psychologist 
526;Public Relations
527;Pulmonologist
528;Radiation Oncologist
529;Radiologic Technician
530;Radiologist
531;Radiology Technician
532;Recovery Specialist
533;Registered Dietician
534;Registered Nurse
535;Rehabilitation Specialist
536;Reimbursement Specialist
537;Research Nurse
538;Research Scientist
539;Research Technician
540;Resident Assistant
541;Respiratory Therapist
542;Respiratory Therapy Technician
543;Restorative Aide
544;Rheumatologist
545;Screener
546;Social Services (all)
547;Social Worker
548;Sonographer
549;Speech Pathologist
550;Sterilization Technician
551;Surgeon
552;Surgical Oncologist
553;Surgical Technician
554;Teacher
555;Tech Services (all)
556;Therapist
557;Toxicologist
558;Transition Coordinator
559;Transport Aide
560;Trauma Technician
561;Unit Coord/Mgr
562;Urogynecologist
563;Urologist
564;Appointment Coordinator
565;Banquet/Catering Crew
566;Banquet/Catering Manager
567;Carhop
568;Concierge
569;Conference Coordinator
570;Courtesy Associate
571;Crew Leader
572;Day Porter
573;Dealer
574;Detailer
575;Door Attendant
576;Education Specialist
577;Entertainer
578;Fitness Instructor
579;Floor Supervisor
580;Floor Technician
581;Front Desk Agent
582;Front Desk Manager
583;Front End Associate
584;Front End Manager
585;Front Office Manager
586;Golf Professional
587;Greeter
588;Group Manager
589;Guest Service Agent
590;Hotel Bell Person
591;Hotel Manager
592;House Attendant
593;House Manager
594;Housekeeper
595;Housekeeping Manager
596;Laundry Attendant
597;Laundry Supervisor
598;Locker Room Attendant
599;Lot attendant
600;Lounge Manager
601;Manager in Training
602;Manager Trainee
603;Massage Therapist
604;Member Services Representative
605;Nail Technician
606;Night Auditor
607;Night Manager
608;Night Supervisor
609;Parking Attendant
610;Planner
611;Pool Attendant
612;Pool Manager
613;Porter
614;Production Associate
615;Professional Driver
616;Program Aide
617;Program Assistant
618;Program Coordinator
619;Public Area Attendant
620;Room Attendant
621;Route Driver
622;Senior Housekeeper
623;Service Associate
624;Shuttle Driver
625;Spa Associate
626;Spa Manager
627;Spa Therapist
628;Support Specialist
629;Tennis Instructor
630;Turndown Attendant
631;Valet
632;Van Driver
633;Benefit Specialist
634;Benefits Specialist
635;Business Process Analyst
636;Campus Recruiter
637;Change Management Specialist
638;CHRO
639;Communications Specialist
640;Compensation Specialist
641;Corporate Recruiter
642;Dir Total Rewards
643;Employee Relations Manager
644;Employment Specialist
645;HR Manager
646;HR Representative
647;HR Specialist
648;HRIS Specialist
649;Information Security Specialist
650;Learning & Development Manager
651;Learning and Development Manager
652;Onboarding Specialist
653;Pharmacy Technician
654;Recruiter
655;Recruiting Manager
656;Recruiting Specialist
657;Senior Benefits Analyst
658;Senior Compensation Analyst
659;Service Center Manager
660;Staffing Coordinator
661;Staffing Specialist
662;Talent Management Specialist
663;Total Rewards Manager
664;Trainer
665;Training Manager
666;VP HR
667;Wellness Consultant
668;Workforce Planning Specialist
669;Analytics Specialist
670;Application Architect
671;Application Manager
672;Application Software Developer
673;Application Specialist
674;Back End Developer
675;Business Analyst
676;Business Continuity Specialist
677;Business Intelligence Developer
678;Chief Information Officer
679;Chief Security Officer
680;Cloud Architect
681;Cloud Developer
682;Computer Operator
683;CTO
684;Curriculum Designer
685;Data Administrator
686;Data Analyst
687;Data Architect
688;Data Center Manager
689;Data Consultant
690;Data Engineer
691;Data Entry Operator
692;Data Scientist
693;Data Specialist
694;Database Developer
695;DBA
696;Desktop Support
697;Developer
698;DevOps Specialist
699;Embedded Software Engineer
700;Front End Developer
701;Full Stack Developer
702;Help Desk Manager
703;Help Desk Specialist
704;Incident Responder
705;Information Technology Manager
706;IT Auditor
707;IT Manager
708;Level 2 Support
709;Linux Administrator
710;Managing Partner
711;Mobile Developer
712;Network Administrator
713;Network Analyst
714;Network Architect
715;Network Engineer
716;Network Manager
717;Network Security Analyst
718;Network Security Specialist
719;Principal Consultant
720;Sales
721;SAP Specialist
722;Security Architect
723;Security Developer
724;Security Engineer
725;Senior Consultant
726;Software Administrator
727;Software Architect
728;Software Consultant
729;Software Developer
730;Software Engineer
731;Software Technician
732;Storage Administrator
733;System Administrator
734;Systems Analyst
735;Systems Architect
736;Systems Consultant
737;Systems Developer
738;Systems Engineer
739;Systems Specialist
740;Systems Technician
741;Technical Services
742;Technical Support
743;Testing Specialist
744;UI Designer
745;UX/Web Designer
746;Web Designer
747;Assembler
748;Assembly Line Worker
749;Boiler Operator
750;Brewer
751;Civil Engineer
752;CNC Machinist
753;CNC Operator
754;Controls Engineer
755;COO
756;Cultivation Staff
757;Design Engineer
758;Dismantler
759;Electronic Assembler
760;Engineer
761;Estimator
762;Fabricator
763;Factory Worker
764;Farm Manager
765;Field Engineer
766;Field Service Technician
767;Foreman
768;General Laborer
769;Grower
770;Industrial Engineer
771;Inspector
772;Laborer
773;Line Operator
774;Line Worker
775;Machine Helper
776;Machine Operator
777;Machinist
778;Manufacturing Engineer
779;Manufacturing Process Engineer
780;Manufacturing Production Manager
781;Manufacturing Technician
782;Manufacturing Worker
783;Materials Handler
784;Materials Manager
785;Mechanical Designer
786;Mechanical Engineer
787;Operations Analyst
788;Operations Assistant
789;Operations Associate
790;Operations Consultant
791;Operations Coordinator
792;Operations Manager
793;Operations Representative
794;Operations Specialist
795;Operations Supervisor
796;Packaging Engineer
797;Parts Manager
798;Performance Engineer
799;Plant Manager
800;Plant Operator
801;Power Plant Operator
802;Precision Assembler
803;Press Operator
804;Process Engineer
805;Process Operator
806;Processing Staff
807;Production Control Clerk
808;Production Control Manager
809;Production Coordinator
810;Production Foreman
811;Production Manager
812;Production Planner/Scheduler
813;QA Manager
814;QA Specialist
815;Quality Engineer
816;Reliability Engineer
817;Robot Programmer
818;Safety Manager
819;Scheduler
820;Site Manager
821;Structural Assembler
822;Superintendent
823;Test Engineer
824;Validation Engineer
825;VP Operations
826;Advertising Manager
827;Ambassador
828;Artist
829;Brand Manager
830;Brand Specialist
831;Category Manager
832;Community Relations Manager
833;Content Manager
834;Content Specialist
835;Copywriter
836;Creative Director
837;Design Specialist
838;Digital Asset Specialist
839;Digital Marketing Manager
840;Digital Marketing Specialist
841;Graphic Artist
842;Graphic Designer
843;Industrial Designer
844;Integrated Marketing Manager
845;Interior Designer
846;Marketing Analyst
847;Marketing Assistant
848;Marketing Associate
849;Marketing Consultant
850;Marketing Coordinator
851;Marketing Director
852;Marketing Intern
853;Marketing Manager
854;Media Manager
855;Media Specialist
856;Model
857;Photographer
858;Promotions Specialist
859;Proofreader
860;SEO Specialist
861;Social Media Manager
862;Social Media Specialist
863;Story Teller
864;Visual Designer
865;VP Marketing
866;Web Content Manager
867;Buyer
868;Merchandizer
869;Product Manager
870;Visual Merchandiser
871;Apparel Designer
872;Apparel Sales Associate
873;Asset Protection Specialist
874;Bagger
875;Beauty Consultant
876;Bookseller
877;Boutique Manager
878;Bridal Sales Representative
879;Cashier
880;Cashier Supervisor
881;Channel Manager
882;Concessionist
883;Convenience Store Clerk
884;Counter Help
885;Counterperson
886;Demonstrator
887;Esthetician
888;Eyewear Consultant
889;Fashion Consultant
890;Fashion Designer
891;Floor Associate
892;Floor Manager
893;Florist
894;Gift Wrapper
895;Grocery Manager
896;Grocery Stocker/Clerk
897;Hair Stylist
898;Jewelry Consultant
899;Jewelry Sales Associate
900;Keyholder
901;Loss Prevention Agent
902;Luxury Sales Associate
903;Mall Manager
904;Malll Manager
905;Manicurist
906;Meat Associate
907;Meat Clerk
908;Merchandise Handler
909;Optical Stylist
910;Party Planner
911;Produce Associate
912;Produce Clerk
913;Produce Supervisor
914;Retail Associate
915;Retail Manager
916;Service Specialist
917;Shop Assistant
918;Shopper
919;Snack Bar Attendant
920;Stocker
921;Store Clerk
922;Store Manager
923;Tire Changer
924;Wedding Planner
925;Wedding Specialist
926;Account Manager
927;Development Manager
928;Digital Sales Manager
929;Digital Sales Specialist
930;Ecommerce Manager
931;Ecommerce Specialist
932;Energy Advisor
933;Energy Auditor
934;Energy Consultant
935;Field Sales Representative
936;Inside Sales Representative
937;Internet Sales Agent
938;Nat/Reg/Key Account Mgr
939;National Account Manager
940;Outside Sales Representative
941;Product Specialist
942;Product Trainer
943;Regional Account Manager
944;Regional Sales Manager
945;Shoe Salesperson
946;Solar Sales Specialist
947;Territory Manager
948;VP Sales
949;Security Analyst
950;Security Consultant
951;Security Director
952;Security Guard
953;Security Manager
954;Security Officer
955;Security Specialist
956;Appliance Technician
957;Apprentice Carpenter
958;Apprentice Electrician
959;Apprentice Machinist
960;Apprentice Painter
961;Apprentice Plumber
962;Auto Mechanic
963;Boilermaker
964;Bricklayer
965;Cabinet Maker
966;Carpenter
967;Carpenter Assistant
968;Carpenter Helper
969;Concrete Finisher
970;Crane Operator
971;Diesel Technician
972;Electrician
973;Electrician Helper
974;Electronic Technician
975;Elevator Mechanic
976;Elevator Technician
977;Equipment Operator
978;Fence Installer
979;Fleet Mechanic
980;Framing Carpenter
981;Grinder
982;Handyman
983;HVAC Technician
984;Journeyman Carpenter
985;Journeyman Electrician
986;Journeyman Painter
987;Journeyman Pipefitter
988;Journeyman Plumber
989;Journeyman Roofer
990;Journeyman Welder
991;Lineman
992;Locksmith
993;Mason
994;Master Electrician
995;Master HVAC Technician
996;Master Mechanic
997;Master Plumber
998;Master Scheduler
999;Master Technician
1000;Material Handler
1001;Mechanic
1002;Mechanical Technician
1003;Metal Worker
1004;Millwright
1005;Painter
1006;Painter Helper
1007;Pattern Maker
1008;Pipe Fitter
1009;Pipefitter
1010;Plumber
1011;Plumber Helper
1012;Rigger
1013;Roofer
1014;Service Mechanic
1015;Site Surveyor
1016;Solar Installation Specialist
1017;Surveyor
1018;Tool And Die Maker
1019;Welder
1020;Bus Driver
1021;Cab Driver
1022;Chauffeur
1023;Conductor
1024;Courier
1025;Deckhand
1026;Delivery Driver
1027;Dispatcher
1028;Distribution Associate
1029;Distribution Manager
1030;Fleet Manager
1031;Fulfillment Associate
1032;Inventory Clerk
1033;Inventory Control Analyst
1034;Inventory Control Clerk
1035;Inventory Control Manager
1036;Inventory Control Specialist
1037;Operator
1038;Order Picker/Selector
1039;Packaging Operator
1040;Receiving Clerk
1041;Shipping And Receiving Clerk
1042;Shipping And Receiving Manager
1043;Supply Chain Coordinator
1044;Supply Chain Manager
1045;Taxi Driver
1046;Traffic Manager
1047;Transportation Manager
1048;Transportation Planner
1049;Truck Driver
1050;Warehouse Manager
1051;Warehouse Worker
1052;Acquisition Specialist
1053;Captain
1054;Coach
1055;Collector
1056;Crew Member
1057;Delivery Specialist
1058;Designer
1059;EXCLUDE
1060;Executive Director
1061;General Manager
1062;Helper
1063;Instructor
1064;Interpreter
1065;Interviewer
1066;Investigator
1067;Management Analyst
1068;Management Intern
1069;Management Trainee
1070;Manager
1071;Marketing
1072;Office Manager
1073;Processing
1074;Production
1075;Professional Services
1076;Program Manager
1077;Project Accountant
1078;Project Assistant
1079;Project Coordinator
1080;Project Manager
1081;Region Manager
1082;Regulatory Affairs/Reporting Specialist
1083;Shift Manager
1084;Strategist
1085;Team Member
1086;Vice president
1087;Service Center Specialist
1088;VIP Services Representative
1089;Athletics Coordinator
1090;Audiovisual Technician
1091;Booking Assistant
1092;Choreographer
1093;Clearance Specialist
1094;Clubhouse Manager
1095;Concession Manager
1096;Curation Specialist
1097;Docent
1098;Draper
1099;Emcee
1100;Executive Producer
1101;Fundraising Assistant
1102;Fundraising Coordinator
1103;Fundraising Manager
1104;Gallery Manager
1105;Game Attendant
1106;Golf Attendant
1107;Golf Pro
1108;Golf Ranger
1109;Golf Shop Attendant
1110;Golf Starter
1111;Greenskeeper
1112;Museum Director
1113;Museum Specialist
1114;Music Director
1115;Music Engineer
1116;On-Air Talent
1117;Players Club Representative
1118;Preparator
1119;Presenter
1120;Projectionist
1121;Publicist
1122;Set Designer/Mgr
1123;Show Coordinator
1124;Show Runner
1125;Sound Technician
1126;Special Effects Specialist
1127;Sponsorship Manager
1128;Stage Crew
1129;Talent Buyer
1130;Talent Scout
1131;Television Executive
1132;Theater Manager
1133;Ticket Taker
1134;Ticket Trader
1135;Ticketing Manager
1136;Tour Manager
1137;Trip Leader
1138;Vocalist
1139;Waterfront Coordinator
1140;Director of Facilities
1141;Gutter Cleaner
1142;Industrial Cleaner
1143;Permit Coordinator
1144;Bank Operations Specialist
1145;Budget Analyst
1146;CFP
1147;Collateral Specialist
1148;Electronic Banking Specialist
1149;Finance Coordinator
1150;Financial Planner
1151;Fiscal Technician
1152;Fixed Income Specialist
1153;Forecasting Specialist
1154;Fraud Prevention Specialist
1155;Freight Broker
1156;Fund Accountant
1157;Housing Consultant
1158;Insurance Sales Manager
1159;Investment Analyst
1160;Investment Banking Analyst
1161;Investment Banking Associate
1162;Investor Relations Manager
1163;Land Analyst
1164;Land Manager
1165;Lease Administrator
1166;Mortgage Assistant
1167;Mortgage Broker
1168;Mortgage Inspector
1169;Payment Manager
1170;Portfolio Analyst
1171;Property Disposal Specialist
1172;Property Inspector
1173;Real Estate Developer
1174;Real Estate Photographer
1175;Real Estate Sales Representative
1176;Residential Property Manager
1177;Revenue Accountant
1178;Securities Broker
1179;Senior Accounting Clerk
1180;Senior Cost Accountant
1181;Senior Fund Accountant
1182;Senior Reporting Analyst
1183;Senior Revenue Accountant
1184;Settlement Specialist
1185;Tax Examiner
1186;Telesales Representative
1187;Trader
1188;VP Finance
1189;Wealth Advisor
1190;Admitting Clerk
1191;Anesthesia Technologist
1192;Audiology Technician
1193;Clinical Services Coordinator
1194;Credentialing Coordinator
1195;Crisis Clinician
1196;Dialysis Technician
1197;ECG / EKG Technologist
1198;EKG Technician
1199;Epidemiologist
1200;General Practitioner
1201;Geriatrician
1202;Government Affairs
1203;Head Nurse
1204;Hemodialysis Technician
1205;Hepatologist
1206;Histology Technician
1207;Hospital Technician
1208;Medical Writer
1209;Mental Health Practitioner
1210;Nephrologists
1211;Neurosurgeon
1212;Nurse Clinician
1213;Operating Room Manager
1214;Ophthalmic Assistant
1215;Ophthalmology Technician
1216;Optometry Technician
1217;Physiatrist
1218;Psychometrician
1219;Pulmonary Function Technician
1220;Sample Coordinator
1221;Telephone Interviewer
1222;Thoracic Surgeon
1223;Transport Coordinator
1224;Trauma Nurse
1225;Trauma Surgeon
1226;Traveling Nurse
1227;Wellness Specialist
1228;Bingo Attendant
1229;Bingo Manager
1230;Count Room Clerk
1231;Elevator Operator
1232;Entertainment Manager
1233;Games Supervisor
1234;General Assistant
1235;General Manager - Hotel
1236;Guest Attendant
1237;Masseuse
1238;Mini Bar Attendant
1239;Pit Clerk
1240;Pit Manager
1241;Player Development Manager
1242;Slot Floor Person
1243;Slot Manager
1244;Table Games Supervisor
1245;Chief Diversity Officer
1246;DB/DC Specialist
1247;Director Compensation
1248;Health and Wellness Specialist
1249;Labor Relations Manager
1250;Leadership Development Consultant
1251;Leave Of Absence Administrator
1252;Organization Development Consultant
1253;Pension Specialist
1254;PMO Manager
1255;Senior Human Resources Generalist
1256;Senior Human Resources Manager
1257;Wellness Manager
1258;Workforce Specialist
1259;CISO
1260;Data Collector
1261;Data Developer
1262;Database Specialist
1263;Embedded Engineer
1264;Embedded Software Developer
1265;Ethical Hacker
1266;Game Programmer
1267;Informaticist
1268;Information Technology Analyst
1269;Intrusion Anlalyst
1270;IT Director
1271;Managing Consultant
1272;Network Security Engineer
1273;PC Technician
1274;PL/SQL Developer
1275;Server Administrator
1276;Software Specialist
1277;Software Validation Engineer
1278;Strategic Business Partner
1279;Systems Assistant
1280;Telecom Manager
1281;Telecom Specialist
1282;Testing Manager
1283;Threat Analyst
1284;Unix Administrator
1285;Virtualization Administrator
1286;Vulnerability Analyst
1287;Agronomist
1288;Assembly Line Manager
1289;Auxiliary Operator
1290;Control Room Operator
1291;Fork Lift Operator
1292;Industrial Engineering Technician
1293;Materials Planner
1294;Oil Changer
1295;Operations Clerk
1296;Operator Assistant
1297;Pipeline Operator
1298;Pipeline Technician
1299;Print Operator
1300;Printing Machine Operator
1301;Production Painter
1302;Roadie
1303;Robot Operator
1304;Site Foreman
1305;Tool Crib Attendant
1306;Tool Room Supervisor
1307;Chief Marketing Officer
1308;Photographer Assistant
1309;Floral Clerk
1310;Grocery Buyer
1311;Luxury Sales Manager
1312;CRM Administrator
1313;Key Account Executive
1314;Product Sales Representative
1315;Security Administrator
1316;Security Assistant
1317;Security Patrol
1318;Security Technician
1319;Surveillance Manager
1320;Surveillance Technician
1321;Apprentice Lineman
1322;Apprentice Pipe Fitter
1323;Apprentice Pipefitter
1324;Apprentice Welder
1325;Diagnostic Technician
1326;Hoist Operator
1327;Iron Worker
1328;Joiner
1329;Journeyman Lineman
1330;Journeyman Mason
1331;Journeyperson Electrician
1332;Lead Electrician
1333;Master Carpenter
1334;Model Maker
1335;Rod Buster
1336;Roof Lead
1337;Steamfitter
1338;Sailor
1339;Supply Chain Director
1340;Traffic Clerk
1341;Transportation Analyst
1342;Transportation Broker
1343;Performance Specialist
1344;Technology Analyst
1345;Service Desk Representative
1346;Shared Services Manager
1347;Archivist
1348;Booking Manager
1349;Casting Director
1350;Concept Artist
1351;Conservator
1352;Driving Range Attendant
1353;Exhibit Specialist
1354;Fundraising Agent
1355;Gallery Attendant
1356;Gallery Coordinator
1357;Gallery Staff
1358;Game Artist
1359;Game Developer
1360;Golf Course Manager
1361;Golf Staff
1362;Light Technician
1363;Lighting Manager
1364;Localization Specialist
1365;Officiant
1366;Ride Mechanic
1367;Studio Technician
1368;Theater Specialist
1369;Video Production Specialist
1370;Custodial Manager
1371;Senior Custodian
1372;Bankruptcy Specialist
1373;Commercial Loan Officer
1374;Director of Internal Audit
1375;Financial Services Producer
1376;Investment Relations Manager
1377;Land Agent
1378;Retirement Specialist
1379;Senior Tax Analyst
1380;Showing Specialist
1381;Stock Broker
1382;Title Coordinator
1383;Trading Specialist
1384;Universal Associate
1385;VP Investment Banking
1386;Room Service Manager
1387;Admixture Tech
1388;Cardiac Electrophysiologist
1389;Cardiology Technician
1390;Clinical Care Technician
1391;Community Education Specialist
1392;Gynecologist
1393;Healthcare Analyst
1394;Healthcare Representative
1395;Hospice Administrator
1396;Kinesiologist
1397;Medical Monitor
1398;Medical Review Specialist
1399;Neurophysiologist
1400;Obstetrician
1401;Otolaryngologist
1402;Perinatologist
1403;Perioperative Aide
1404;Surgery Aide
1405;Telehealth Nurse
1406;General Worker
1407;Golf Coordinator
1408;Keno Runner
1409;Reservation Clerk
1410;Soft Count Clerk
1411;Uniform Attendant
1412;Waterfront Director
1413;Director Change Management
1414;Labor Relations Specialist
1415;Chief Data Officer
1416;CIO
1417;Data Analytics Manager
1418;Data Center Specialist
1419;Disaster Recovery Analyst
1420;Forensics Specialist
1421;IT Risk Analyst
1422;Cutting Technician
1423;Machine Shop Maintenance Supervisor
1424;Materials Control Manager
1425;Pipeline Manager
1426;Road Crew
1427;Stress Test Technician
1428;Community Specialist
1429;Gift Shop Clerk
1430;Renewable Energy Specialist
1431;VP Development
1432;Security Investigator
1433;Electromechanical Technician
1434;Journeyman HVAC Technician
1435;Journeyman Pipe Fitter
1436;Journeyman Steamfitter
1437;Pipe Fitter Helper
1438;Roofer Helper
1439;Wind Energy Specialist
1440;Merchant Mariner
1441;Reporting Developer
1442;Art Consultant
1443;Audiovisual Specialist
1444;Costume Specialist
1445;Lighting Supervisor
1446;Museum Assistant
1447;Park Services Specialist
1448;Philanthropy Director
1449;Players Club Manager
1450;Ride Technician
1451;Storyboard Artist
1452;VIP Host
1453;Weather Anchor
1454;Zoo Keeper
1455;Commodity Trader
1456;Conservation Specialist
1457;Director Lending
1458;Financial Controls Specialist
1459;International Banking Specialist
1460;Risk Control Specialist
1461;Senior Budget Analyst
1462;Senior Risk Analyst
1463;VP Risk Management
1464;Anesthesiologist Assistant
1465;Clinical Services Supervisor
1466;Electrophysiology Technician
1467;Funding Coordinator
1468;Healthcare Administrator
1469;Hyperbaric Tech
1470;Provider Coordinator
1471;Virologist
1472;Babysitter/Nanny
1473;Games Manager
1474;Gaming Inspector
1475;Golf Superintendent
1476;Dir Talent Management
1477;Manager Talent Acquisition
1478;VP Talent Management
1479;Cyber Defense Specialist
1480;Malware Analyst
1481;Storage Specialist
1482;Master Grower
1483;Marketing Specialist
1484;Media Supervisor
1485;Gift Shop Manager
1486;Apprentice HVAC Technician
1487;Apprentice Mason
1488;Apprentice Roofer
1489;Journeyman Machinist
1490;Master Mason
1491;Structural Ironworker
1492;Deck Officer
1493;Associate Production Manager
1494;Ski Patrol
1495;Wardrobe Assistant
1496;Director Risk Management
1497;Investment Banker
1498;Pricing Associate
1499;Chemical Dependency Technician
1500;Clinical Care Tech
1501;Donor Technician
1502;Legal Nurse
1503;Pediatric Surgeon
1504;Talent Advisor
1505;Chief Risk Officer
1506;Disaster Recovery Specialist
1507;Remedy Administrator
1508;Cheesemaker
1509;Signal Worker
1510;Art Director
1511;Jewelry Manager
1512;Electrician Assistant
1513;Plumber Assistant
1514;Import/Export Clerk
1515;Senior General Manager
1516;Gallery Assistant
1517;Golf Pro Shop Attendant
1518;Location Scout
1519;Museum Manager
1520;Ski Technician
1521;Visiting Scholar
1522;Wardrobe Manager
1523;Whitewater Raft Guide
1524;Zoo Curator
1525;Financial Reporting Specialist
1526;Resolutions Agent
1527;VP Investor Relations
1528;Immunologist
1529;Opthalmic Assistant
1530;Employee Engagement Specialist
1531;Leadership Development Manager
1532;VP Diversity
1533;Disaster Recovery Manager
1534;E-commerce Manager
1535;Apprentice Locksmith
1536;Dry Wall Installer
1537;Import/Export Manager
1538;Streetcar Operator
1539;Playwright
1540;Medical Geneticist
1541;Back of House Team Member
1542;Coaching Specialist
1543;Director Talent Acquisition
1544;Rewards Specialist
1545;Implementation Planner
1546;Fashion Manager
1547;Master Painter
1548;Risk Auditor
1549;Healthcare Interpreter
1550;Commercial Real Estate Advisor
1551;Financial Modeler
1552;Trade Assistant
1553;Slot Floor Technician
1554;Executive Compensation Specialist
1555;Cognos Administrator
1556;Intrusion Analyst
1557;IOT Architect
1558;Philanthropy Specialist
1559;Snowboard Instructor
1560;Case Management Team
1561;Electrodiagnostic Technician
1562;Medicare Analyst
1563;Uniform Manager
1564;Director Talent Management
1565;Floral Supervisor
1566;Localization Coordinator
1567;Makeup Director
1568;Senior Compliance Officer
1569;Virtual Adjuster
1570;VP Retail Banking
1571;Oncology Technician
1572;Leadership Development Specialist
1573;Performance Management Specialist
1574;VP HR Ops/SS
1575;.Net Specialist
1576;Software Assistant
1577;Journeyman Boilermaker
1578;Golf Course Supervisor
1579;Localization Manager
1580;Music Executive
1581;Video Designer
1582;International Service Specialist
1583;Virtual Insurance Agent
1584;Golf Greenskeeper
1585;Leave Of Absence Specialist
1586;Waste Treatment Plant Operator
1587;Motorboat Operator
1588;Sports Agent
1589;Site Development Manager
1590;Mortgage Auditor
1591;Serologist
1592;Poker Room Manager
1593;Fashion Associate
1594;Makeup Stylist
1595;Gerontologist
1596;Reproductive Endocrinologist
1597;Embedded Architect
1598;HVAC Operator
1599;VIP Services Manager
1600;Online Banking Specialist
1601;Behavior Modification Therapist
1602;Registered Practical Nurse
1603;General Manager - Casino
1604;Truck Driver Supervisor
1605;Debt Negotiator
1606;Principal Researcher
1607;Director of Leadership Development
1608;Derivatives Analyst
1609;Intraoperative Monitoring Technician
1610;Guest Experience Rep
1611;DB2 Administrator
1612;Investment Banking Principal
1613;VP Total Rewards
1614;Business Object Administrator
1615;WebSphere Developer
1616;Chemical Health Assessor
1617;Cardiology Technologist
1618;Merger Integration Consultant
1619;Lawn Service Manager
1620;Cinema Manager
1621;Sound Manager
1622;Journeyman Locksmith
1623;Management Reporting Analyst
1624;Virtual Banking Representative
1625;Drop Count Supervisor
1626;Equity Program Specialist
1627;Merchandizing Manager
1628;Master Welder
1629;Machine Shop Production Supervisor
1630;Cryptocurrency Broker
1631;Video Game Producer
1632;Bounty Hunter
1633;Mortage Loan Originator
1634;Quant Trader
1635;Senior Financial Reporting Manager
1636;Bond Trader
1637;Post Production Coordinator
1638;Floor Assembler
1639;Health Safety Manager
1640;Hard Count Clerk
1641;Powerhouse Supervisor
1642;Inclusion and Diversity Manager
1643;Marine Oiler
1644;Game Tester
1645;Futures Trader
1646;OBIEE Administrator
1647;PL/SQL Architect
1648;Cage & Vault Manager
1649;Renewable Energy Engineer
1650;Quality Administration
1651;Journeyman Iron Worker
1652;Business Risk & Controls Advisor
1653;VP Asset Management
1654;Commodities Analyst
1655;PL/SQL Analyst
1656;Turf Mechanic
1657;VP Land Development
1658;Zoo Ranger
1659;Jig And Fixture Builder
1660;Media Exploitation Analyst
1661;Ropes Facilitator
1662;Master Pipe Fitter
1663;Permitting Agent
1664;Diversity Consultant
1665;ORACLE Administrator
1666;Blocklayer
1667;Stadium Manager
1668;Video Game Specialist
1669;Roofer Assistant
1670;Prosthetics Technician
1671;Securities Trader
1672;Conference Services Attendant
1673;VP Commercial Lending
1674;Games Director
1675;Master Machinist
1676;Cage & Vault Cashier
1677;Movie Producer
1678;Film Executive
1679;Snow Maker
1680;Influencer Specialist
1681;Status Board Operator
1682;Room Sales Representative
1683;Apprentice Iron Worker
1684;Cryptographer
1685;Site Coordinator
1686;Sellers Agent
1687;Chief Analytics Officer
1688;Apprentice Boilermaker
1689;Organ Procurement Technician
1690;Pre Production Coordinator
1691;Disk Jockey
1692;Lyricist
1693;Investigation Assistant
1694;Croupier
1695;Dir HR Strategy
1696;Report Administrator
1697;Concert Manager
1698;Choir Manager
1699;Convention Manager
1700;Lighting Director
